customer_id,active_months,months_of_data,first_month,last_month,n_transactions,income_transaction_count,avg_monthly_income,median_monthly_income,min_monthly_income,max_monthly_income,std_monthly_income,conservative_recurring_income,income_cv,income_stability_score,income_stability,months_zero_income,avg_monthly_expense,avg_monthly_outflow,expense_income_ratio,avg_monthly_net_cashflow,positive_cashflow_month_ratio,avg_balance,min_balance,cashflow_volatility,detected_monthly_debt,recurring_income_ratio,income_source_count,transfer_inflow_ratio,excluded_inflow_share,estimated_monthly_income,estimation_method,income_confidence_score,income_confidence,income_confidence_label,repayment_capacity,avg_monthly_inflow,income_std,monthly_income_series,monthly_income,absolute_error,absolute_percentage_error
C0000001,12,12,2025-10,2026-09,705,12,6437.21,6388.8,5748.77,6892.36,311.0,6210.63,0.0483,0.9517,0.9517,0,6487.07,6487.07,1.0077,-49.85,0.4167,1361.33,-1949.82,0.1071,0.0,1.0,1,0.0,0.0,6210.63,p10_thu_nhap_dinh_ky_duong,0.95,0.95,High,Cao,6437.21,311.0,2025-10:6227;2025-11:5749;2025-12:6892;2026-01:6352;2026-02:6269;2026-03:6834;2026-04:6788;2026-05:6209;2026-06:6426;2026-07:6611;2026-08:6579;2026-09:6310,5673.94,536.6900000000005,0.09458859275917626
C0000002,12,12,2025-10,2026-09,893,12,9076.93,8976.8,8565.11,9985.72,436.98,8586.15,0.0481,0.9519,0.9519,0,9054.29,9054.29,0.9975,1203.54,0.75,1026.84,-3249.63,0.1446,0.0,1.0,1,0.1151,0.1151,8586.15,p10_thu_nhap_dinh_ky_duong,0.8953,0.8953,High,Cao,9076.93,436.98,2025-10:8848;2025-11:8598;2025-12:8565;2026-01:8858;2026-02:8914;2026-03:9986;2026-04:9039;2026-05:9281;2026-06:9402;2026-07:9095;2026-08:8585;2026-09:9752,8068.43,517.7199999999993,0.06416613888947408
C0000003,12,12,2025-10,2026-09,559,12,3848.43,3866.23,3573.79,4092.77,144.43,3696.6,0.0375,0.9625,0.9625,0,3805.76,3805.76,0.9889,42.67,0.5833,1039.81,-779.91,0.1915,0.0,1.0,1,0.0,0.0,3696.6,p10_thu_nhap_dinh_ky_duong,0.95,0.95,High,Cao,3848.43,144.43,2025-10:3574;2025-11:3777;2025-12:3887;2026-01:3767;2026-02:3845;2026-03:4093;2026-04:3907;2026-05:3696;2026-06:3699;2026-07:3980;2026-08:3943;2026-09:4012,3439.14,257.46000000000004,0.07486173869048658
C0000004,12,12,2025-10,2026-09,311,3,1324.16,0.0,0.0,5402.6,2293.82,5236.28,1.7323,0.0,0.0,9,1654.27,1654.27,1.2493,-3.5,0.25,-3988.84,-4872.03,0.8867,0.0,1.0,1,0.1979,0.1979,5236.28,p10_thu_nhap_dinh_ky_duong,0.214,0.214,Low,Thấp,1324.16,2293.82,2025-10:5403;2025-11:5256;2025-12:5231;2026-01:0;2026-02:0;2026-03:0;2026-04:0;2026-05:0;2026-06:0;2026-07:0;2026-08:0;2026-09:0,4684.95,551.3299999999999,0.11768108517700294
C0000005,12,12,2025-10,2026-09,499,12,2086.48,2071.54,2013.54,2174.73,58.43,2027.41,0.028,0.972,0.972,0,2188.58,2188.58,1.0489,-45.86,0.5,-765.3,-1949.83,0.2711,0.0,1.0,1,0.0262,0.0262,2027.41,p10_thu_nhap_dinh_ky_duong,0.9375,0.9375,High,Cao,2086.48,58.43,2025-10:2046;2025-11:2031;2025-12:2040;2026-01:2014;2026-02:2027;2026-03:2067;2026-04:2076;2026-05:2162;2026-06:2173;2026-07:2079;2026-08:2175;2026-09:2147,2972.71,945.3,0.31799267335192466
C0000006,2,2,2026-09,2026-10,48,1,2048.43,2048.43,0.0,4096.86,2048.43,4096.86,1.0,0.0,0.0,1,2236.34,2236.34,1.0917,-187.91,0.0,6925.12,4651.63,0.0837,0.0,0.0,1,0.0,0.0,4096.86,p10_thu_nhap_dinh_ky_duong,0.175,0.175,Low,Thấp,2048.43,2048.43,2026-09:4097;2026-10:0,3519.04,577.8199999999997,0.1641981904155678
C0000007,12,12,2025-10,2026-09,543,12,4018.14,4055.76,3709.07,4259.74,154.87,3757.55,0.0385,0.9615,0.9615,0,4079.37,4079.37,1.0152,233.62,0.75,1665.71,-779.96,0.1237,0.0,1.0,1,0.0684,0.0684,3757.55,p10_thu_nhap_dinh_ky_duong,0.9175,0.9175,High,Cao,4018.14,154.87,2025-10:3739;2025-11:4067;2025-12:4260;2026-01:4185;2026-02:3709;2026-03:4102;2026-04:4004;2026-05:3923;2026-06:4099;2026-07:4018;2026-08:4065;2026-09:4046,3588.87,168.6800000000003,0.04700086656802846
C0000008,12,12,2025-10,2026-09,463,12,2040.92,2025.11,1938.04,2208.44,70.83,1987.36,0.0347,0.9653,0.9653,0,2013.97,2013.97,0.9868,178.44,0.5833,294.82,-1039.97,0.19,0.0,1.0,1,0.0691,0.0691,1987.36,p10_thu_nhap_dinh_ky_duong,0.9172,0.9172,High,Cao,2040.92,70.83,2025-10:1987;2025-11:2006;2025-12:2004;2026-01:2208;2026-02:1938;2026-03:2001;2026-04:2069;2026-05:2144;2026-06:2044;2026-07:2054;2026-08:1988;2026-09:2047,1808.99,178.3699999999999,0.09860198232162692
C0000009,12,12,2025-10,2026-09,871,12,5675.09,5651.66,4972.93,6343.01,306.51,5425.42,0.054,0.946,0.946,0,5754.85,5754.85,1.0141,1224.69,0.9167,-1622.43,-5169.85,0.1374,0.0,1.0,1,0.1869,0.1869,5425.42,p10_thu_nhap_dinh_ky_duong,0.8612,0.8612,High,Cao,5675.09,306.51,2025-10:4973;2025-11:5656;2025-12:5730;2026-01:5407;2026-02:5608;2026-03:6343;2026-04:5942;2026-05:5588;2026-06:5647;2026-07:5808;2026-08:5770;2026-09:5628,4971.14,454.27999999999975,0.09138346536206982
C0000010,12,12,2025-10,2026-09,901,12,8963.72,8925.82,8549.83,9661.56,331.95,8580.14,0.037,0.963,0.963,0,9104.25,9104.25,1.0157,657.36,0.5833,2762.57,-1949.84,0.095,0.0,1.0,1,0.0817,0.0817,8580.14,p10_thu_nhap_dinh_ky_duong,0.9112,0.9112,High,Cao,8963.72,331.95,2025-10:9092;2025-11:8577;2025-12:8751;2026-01:9167;2026-02:8831;2026-03:9468;2026-04:9010;2026-05:8607;2026-06:9662;2026-07:8988;2026-08:8864;2026-09:8550,8065.11,515.0299999999997,0.06385901742195702
C0000011,12,12,2025-10,2026-09,1497,12,12841.02,12779.34,11805.45,14025.65,704.47,11892.18,0.0549,0.9451,0.9451,0,12964.07,12964.07,1.0096,2672.26,1.0,1823.85,-3249.62,0.0931,0.0,1.0,1,0.1788,0.1788,11892.18,p10_thu_nhap_dinh_ky_duong,0.8651,0.8651,High,Cao,12841.02,704.47,2025-10:12886;2025-11:12129;2025-12:12648;2026-01:13785;2026-02:14026;2026-03:13659;2026-04:11805;2026-05:12363;2026-06:13088;2026-07:12672;2026-08:11866;2026-09:13165,8355.37,3536.8099999999995,0.4232978312151346
C0000012,12,12,2025-10,2026-09,732,12,5008.53,4981.62,4691.82,5428.49,251.21,4738.43,0.0502,0.9498,0.9498,0,5152.12,5152.12,1.0287,313.3,0.75,1113.89,-1950.0,0.0744,0.0,1.0,1,0.0836,0.0836,4738.43,p10_thu_nhap_dinh_ky_duong,0.9103,0.9103,High,Cao,5008.53,251.21,2025-10:4751;2025-11:4757;2025-12:5148;2026-01:5428;2026-02:4737;2026-03:5083;2026-04:4860;2026-05:4954;2026-06:4692;2026-07:5393;2026-08:5009;2026-09:5291,4459.22,279.21000000000004,0.0626140894595916
C0000013,11,11,2025-11,2026-09,1424,28,15320.27,12024.54,0.0,45228.29,12440.51,7183.53,0.812,0.188,0.188,2,14599.22,14599.22,0.9529,721.05,0.4545,39004.03,17202.77,0.7829,0.0,1.0,1,0.0,0.0,7183.53,p10_thu_nhap_dinh_ky_duong,0.95,0.95,High,Trung bình,15320.27,12440.51,2025-11:22033;2025-12:24623;2026-01:45228;2026-02:0;2026-03:20831;2026-04:18317;2026-05:0;2026-06:12025;2026-07:6298;2026-08:7405;2026-09:11763,7768.39,584.8600000000006,0.07528715731316277
C0000014,12,12,2025-10,2026-09,901,12,20916.37,21054.62,18953.45,22019.58,940.82,19597.87,0.045,0.955,0.955,0,21040.34,21040.34,1.0059,3862.85,1.0,6799.03,-6500.0,0.0759,0.0,1.0,1,0.1601,0.1601,19597.87,p10_thu_nhap_dinh_ky_duong,0.874,0.874,High,Cao,20916.37,940.82,2025-10:20431;2025-11:20352;2025-12:20827;2026-01:21744;2026-02:21990;2026-03:22020;2026-04:18953;2026-05:21822;2026-06:20709;2026-07:21352;2026-08:19514;2026-09:21282,18962.52,635.3499999999985,0.033505567825373346
C0000015,12,12,2025-10,2026-09,860,12,5673.27,5579.9,5232.53,6272.1,298.95,5342.4,0.0527,0.9473,0.9473,0,5740.34,5740.34,1.0118,431.45,0.9167,859.01,-1949.94,0.0722,0.0,1.0,1,0.0808,0.0808,5342.4,p10_thu_nhap_dinh_ky_duong,0.9116,0.9116,High,Cao,5673.27,298.95,2025-10:5606;2025-11:5233;2025-12:6145;2026-01:5554;2026-02:5524;2026-03:6272;2026-04:5915;2026-05:5328;2026-06:5717;2026-07:5523;2026-08:5790;2026-09:5473,4951.44,390.96000000000004,0.07895884833502982
C0000016,12,12,2025-10,2026-09,1649,42,12875.36,10416.3,5716.87,31158.95,7393.15,6501.14,0.5742,0.4258,0.4258,0,13646.53,13646.53,1.0599,-771.17,0.3333,35421.58,17347.85,0.5656,0.0,1.0,1,0.0,0.0,6501.14,p10_thu_nhap_dinh_ky_duong,0.95,0.95,High,Trung bình,12875.36,7393.15,2025-10:8042;2025-11:6480;2025-12:5717;2026-01:11132;2026-02:12127;2026-03:31159;2026-04:9701;2026-05:20531;2026-06:11422;2026-07:21952;2026-08:6688;2026-09:9553,6874.46,373.3199999999997,0.05430535634798947
C0000017,12,12,2025-10,2026-09,120,0,0.0,0.0,0.0,0.0,0.0,0.0,,0.0,0.0,12,182.0,182.0,,-182.0,0.0,-3249.09,-3249.09,,0.0,0.0,0,0.0,0.0,0.0,p10_thu_nhap_dinh_ky_duong,0.0,0.0,Low,Thấp,0.0,0.0,2025-10:0;2025-11:0;2025-12:0;2026-01:0;2026-02:0;2026-03:0;2026-04:0;2026-05:0;2026-06:0;2026-07:0;2026-08:0;2026-09:0,6172.15,6172.15,1.0
C0000018,12,12,2025-10,2026-09,613,12,3230.13,3142.29,3071.81,3767.84,198.5,3109.13,0.0615,0.9385,0.9385,0,3337.0,3337.0,1.0331,126.04,0.5,991.52,-779.82,0.2411,0.0,1.0,1,0.0673,0.0673,3109.13,p10_thu_nhap_dinh_ky_duong,0.9181,0.9181,High,Cao,3230.13,198.5,2025-10:3187;2025-11:3193;2025-12:3531;2026-01:3126;2026-02:3133;2026-03:3768;2026-04:3072;2026-05:3109;2026-06:3111;2026-07:3248;2026-08:3146;2026-09:3139,2787.95,321.1800000000003,0.11520292688175911
C0000019,12,12,2025-10,2026-09,632,12,2043.73,2028.08,1886.33,2241.93,105.72,1895.59,0.0517,0.9483,0.9483,0,2073.83,2073.83,1.0147,-30.1,0.5,131.98,-779.99,0.1751,0.0,1.0,1,0.0,0.0,1895.59,p10_thu_nhap_dinh_ky_duong,0.95,0.95,High,Cao,2043.73,105.72,2025-10:1992;2025-11:1887;2025-12:1886;2026-01:2013;2026-02:1969;2026-03:2242;2026-04:2113;2026-05:2145;2026-06:2180;2026-07:1994;2026-08:2060;2026-09:2043,1770.28,125.30999999999995,0.07078541247712224
C0000020,12,12,2025-10,2026-09,911,12,7172.34,7122.65,6839.47,7676.5,238.63,6913.66,0.0333,0.9667,0.9667,0,7134.52,7134.52,0.9947,1027.96,1.0,814.72,-3249.5,0.0597,0.0,1.0,1,0.1213,0.1213,6913.66,p10_thu_nhap_dinh_ky_duong,0.8924,0.8924,High,Cao,7172.34,238.63,2025-10:6913;2025-11:7002;2025-12:7163;2026-01:7383;2026-02:7676;2026-03:7058;2026-04:7330;2026-05:6921;2026-06:7301;2026-07:7399;2026-08:7082;2026-09:6839,6303.53,610.1300000000001,0.09679179761181435
C0000021,12,12,2025-10,2026-09,828,12,7363.99,7422.84,6558.34,8125.77,393.31,6859.65,0.0534,0.9466,0.9466,0,7358.92,7358.92,0.9993,980.06,0.9167,1785.18,-1949.66,0.1029,0.0,1.0,1,0.1169,0.1169,6859.65,p10_thu_nhap_dinh_ky_duong,0.8945,0.8945,High,Cao,7363.99,393.31,2025-10:6558;2025-11:7048;2025-12:7416;2026-01:7725;2026-02:6839;2026-03:8126;2026-04:7475;2026-05:7657;2026-06:7455;2026-07:7283;2026-08:7355;2026-09:7430,5660.55,1199.0999999999995,0.21183453904655897
C0000022,12,12,2025-10,2026-09,450,12,1858.28,1852.78,1717.94,2095.77,97.07,1748.82,0.0522,0.9478,0.9478,0,1912.28,1912.28,1.0291,-54.01,0.5,-309.83,-1039.94,0.1442,0.0,1.0,1,0.0,0.0,1748.82,p10_thu_nhap_dinh_ky_duong,0.95,0.95,High,Cao,1858.28,97.07,2025-10:1834;2025-11:1871;2025-12:1944;2026-01:1745;2026-02:1898;2026-03:2096;2026-04:1790;2026-05:1832;2026-06:1902;2026-07:1890;2026-08:1718;2026-09:1779,1620.05,128.76999999999998,0.07948520107404092
C0000023,12,12,2025-10,2026-09,533,12,2316.41,2317.12,2149.89,2427.4,81.59,2222.77,0.0352,0.9648,0.9648,0,2363.88,2363.88,1.0205,149.87,0.75,596.98,-779.97,0.1393,0.0,1.0,1,0.0785,0.0785,2222.77,p10_thu_nhap_dinh_ky_duong,0.9127,0.9127,High,Cao,2316.41,81.59,2025-10:2150;2025-11:2268;2025-12:2311;2026-01:2219;2026-02:2287;2026-03:2377;2026-04:2323;2026-05:2427;2026-06:2254;2026-07:2378;2026-08:2427;2026-09:2375,2047.34,175.43000000000006,0.08568679359559236
C0000024,12,12,2025-10,2026-09,461,12,3358.45,3405.19,3058.91,3554.69,156.89,3124.9,0.0467,0.9533,0.9533,0,3351.18,3351.18,0.9978,258.89,0.5833,851.37,-1039.46,0.1475,0.0,1.0,1,0.0697,0.0697,3124.9,p10_thu_nhap_dinh_ky_duong,0.9169,0.9169,High,Cao,3358.45,156.89,2025-10:3296;2025-11:3059;2025-12:3555;2026-01:3317;2026-02:3117;2026-03:3536;2026-04:3369;2026-05:3443;2026-06:3497;2026-07:3472;2026-08:3442;2026-09:3199,2949.42,175.48000000000002,0.0594964433685267
C0000025,12,12,2025-10,2026-09,772,12,4838.42,4770.74,4506.4,5226.19,208.38,4625.14,0.0431,0.9569,0.9569,0,4875.47,4875.47,1.0077,624.37,0.9167,-486.33,-3250.0,0.1065,0.0,1.0,1,0.1203,0.1203,4625.14,p10_thu_nhap_dinh_ky_duong,0.8929,0.8929,High,Cao,4838.42,208.38,2025-10:4893;2025-11:4709;2025-12:5056;2026-01:5119;2026-02:4726;2026-03:5226;2026-04:4757;2026-05:4684;2026-06:4784;2026-07:4506;2026-08:4619;2026-09:4980,4243.99,381.15000000000055,0.08980935393344484
C0000026,12,12,2025-10,2026-09,122,1,362.31,0.0,0.0,4347.75,1201.65,4347.75,3.3166,0.0,0.0,11,697.52,697.52,1.9252,-335.2,0.0833,-417.67,-779.47,2.2054,0.0,0.0,1,0.0,0.0,4347.75,p10_thu_nhap_dinh_ky_duong,0.0792,0.0792,Low,Thấp,362.31,1201.65,2025-10:4348;2025-11:0;2025-12:0;2026-01:0;2026-02:0;2026-03:0;2026-04:0;2026-05:0;2026-06:0;2026-07:0;2026-08:0;2026-09:0,3943.22,404.5300000000002,0.10258874726746167
C0000027,12,12,2025-10,2026-09,555,12,1896.52,1902.6,1774.41,2006.3,69.33,1781.66,0.0366,0.9634,0.9634,0,1927.11,1927.11,1.0161,-4.68,0.4167,687.58,-260.0,0.2233,0.0,1.0,1,0.0135,0.0135,1781.66,p10_thu_nhap_dinh_ky_duong,0.9436,0.9436,High,Cao,1896.52,69.33,2025-10:1774;2025-11:1889;2025-12:1884;2026-01:1936;2026-02:1836;2026-03:1917;2026-04:1900;2026-05:1973;2026-06:1776;2026-07:1905;2026-08:2006;2026-09:1961,1155.79,625.8700000000001,0.5415084055061907
C0000028,12,12,2025-10,2026-09,402,12,1914.62,1904.72,1813.61,2031.57,69.89,1834.81,0.0365,0.9635,0.9635,0,2019.77,2019.77,1.0549,-105.15,0.4167,439.08,-259.91,0.219,0.0,1.0,1,0.0,0.0,1834.81,p10_thu_nhap_dinh_ky_duong,0.95,0.95,High,Cao,1914.62,69.89,2025-10:1814;2025-11:1833;2025-12:1879;2026-01:2032;2026-02:1853;2026-03:1967;2026-04:1937;2026-05:1904;2026-06:2027;2026-07:1971;2026-08:1854;2026-09:1905,1689.99,144.81999999999994,0.0856928147503831
C0000029,12,12,2025-10,2026-09,1018,12,6142.94,5961.42,5620.5,6934.91,462.14,5722.3,0.0752,0.9248,0.9248,0,6202.24,6202.24,1.0097,-59.3,0.5833,-661.18,-3249.96,0.1231,0.0,1.0,1,0.0,0.0,5722.3,p10_thu_nhap_dinh_ky_duong,0.95,0.95,High,Cao,6142.94,462.14,2025-10:6897;2025-11:6172;2025-12:6935;2026-01:6022;2026-02:6891;2026-03:5919;2026-04:5818;2026-05:5849;2026-06:5876;2026-07:5620;2026-08:5712;2026-09:6004,5935.94,213.63999999999942,0.03599092982745773
C0000030,12,12,2025-10,2026-09,586,12,1890.15,1884.16,1828.31,1986.89,46.0,1829.38,0.0243,0.9757,0.9757,0,1975.96,1975.96,1.0454,58.86,0.6667,345.51,-779.91,0.2559,0.0,1.0,1,0.0711,0.0711,1829.38,p10_thu_nhap_dinh_ky_duong,0.9162,0.9162,High,Cao,1890.15,46.0,2025-10:1829;2025-11:1881;2025-12:1830;2026-01:1906;2026-02:1828;2026-03:1987;2026-04:1882;2026-05:1882;2026-06:1947;2026-07:1922;2026-08:1901;2026-09:1886,1671.65,157.73000000000002,0.09435587593096642
C0000031,12,12,2025-10,2026-09,981,12,4688.72,4703.88,4280.21,4929.98,168.16,4526.33,0.0359,0.9641,0.9641,0,4672.22,4672.22,0.9965,617.97,1.0,-935.4,-3249.37,0.1028,0.0,1.0,1,0.1137,0.1137,4526.33,p10_thu_nhap_dinh_ky_duong,0.896,0.896,High,Cao,4688.72,168.16,2025-10:4590;2025-11:4728;2025-12:4720;2026-01:4519;2026-02:4682;2026-03:4917;2026-04:4688;2026-05:4720;2026-06:4829;2026-07:4280;2026-08:4662;2026-09:4930,4195.2,331.1300000000001,0.07893068268497333
C0000032,12,12,2025-10,2026-09,1461,12,16259.06,16143.96,14377.01,18120.21,1098.63,15098.3,0.0676,0.9324,0.9324,0,16082.13,16082.13,0.9891,3645.57,1.0,1683.09,-6499.73,0.082,0.0,1.0,1,0.1758,0.1758,15098.3,p10_thu_nhap_dinh_ky_duong,0.8665,0.8665,High,Cao,16259.06,1098.63,2025-10:15928;2025-11:17125;2025-12:15557;2026-01:15068;2026-02:14377;2026-03:16360;2026-04:15370;2026-05:15511;2026-06:18120;2026-07:17339;2026-08:17675;2026-09:16678,15038.63,59.67000000000007,0.003967781639683939
C0000033,12,12,2025-10,2026-09,790,12,5016.62,4983.76,4685.31,5828.5,279.93,4769.24,0.0558,0.9442,0.9442,0,5026.7,5026.7,1.002,1333.66,1.0,-1515.83,-4683.23,0.0852,0.0,1.0,1,0.2113,0.2113,4769.24,p10_thu_nhap_dinh_ky_duong,0.8496,0.8496,High,Trung bình,5016.62,279.93,2025-10:4844;2025-11:4983;2025-12:4761;2026-01:5031;2026-02:5203;2026-03:5828;2026-04:4685;2026-05:5013;2026-06:5084;2026-07:4853;2026-08:4985;2026-09:4929,4503.47,265.7699999999995,0.05901449326852394
C0000034,12,12,2025-10,2026-09,1643,12,8625.54,8597.68,8416.64,9051.11,178.02,8463.54,0.0206,0.9794,0.9794,0,7923.01,7923.01,0.9186,702.53,0.8333,54549.37,46166.01,0.1021,0.0,1.0,1,0.0,0.0,8463.54,p10_thu_nhap_dinh_ky_duong,0.95,0.95,High,Cao,8625.54,178.02,2025-10:8498;2025-11:8589;2025-12:8696;2026-01:8462;2026-02:8417;2026-03:8660;2026-04:8884;2026-05:8477;2026-06:9051;2026-07:8606;2026-08:8505;2026-09:8660,7691.59,771.9500000000007,0.10036286385519778
C0000035,12,12,2025-10,2026-09,458,12,3394.41,3367.77,3134.79,3712.8,131.97,3308.09,0.0389,0.9611,0.9611,0,3393.49,3393.49,0.9997,266.82,0.6667,489.88,-1039.9,0.1339,0.0,1.0,1,0.0726,0.0726,3308.09,p10_thu_nhap_dinh_ky_duong,0.9155,0.9155,High,Cao,3394.41,131.97,2025-10:3315;2025-11:3135;2025-12:3307;2026-01:3352;2026-02:3510;2026-03:3713;2026-04:3484;2026-05:3395;2026-06:3366;2026-07:3369;2026-08:3365;2026-09:3422,2957.73,350.3600000000001,0.11845570758656136
C0000036,12,12,2025-10,2026-09,360,12,887.38,883.57,838.08,974.0,38.83,846.12,0.0438,0.9562,0.9562,0,979.84,979.84,1.1042,-77.99,0.25,135.73,-259.94,0.3028,0.0,1.0,1,0.016,0.016,846.12,p10_thu_nhap_dinh_ky_duong,0.9424,0.9424,High,Cao,887.38,38.83,2025-10:921;2025-11:853;2025-12:941;2026-01:882;2026-02:886;2026-03:868;2026-04:886;2026-05:895;2026-06:845;2026-07:974;2026-08:838;2026-09:861,788.25,57.870000000000005,0.07341579448144625
C0000037,12,12,2025-09,2026-08,60,0,0.0,0.0,0.0,0.0,0.0,0.0,,0.0,0.0,12,92.0,92.0,,-92.0,0.0,-256.05,-256.05,,0.0,0.0,0,0.0,0.0,0.0,p10_thu_nhap_dinh_ky_duong,0.0,0.0,Low,Thấp,0.0,0.0,2025-09:0;2025-10:0;2025-11:0;2025-12:0;2026-01:0;2026-02:0;2026-03:0;2026-04:0;2026-05:0;2026-06:0;2026-07:0;2026-08:0,766.23,766.23,1.0
C0000038,12,12,2025-10,2026-09,553,12,4016.03,3956.59,3728.27,4596.05,257.5,3741.56,0.0641,0.9359,0.9359,0,4071.21,4071.21,1.0137,252.29,0.5,1947.99,-779.92,0.144,0.0,1.0,1,0.0711,0.0711,3741.56,p10_thu_nhap_dinh_ky_duong,0.9162,0.9162,High,Cao,4016.03,257.5,2025-10:3732;2025-11:4030;2025-12:4355;2026-01:3857;2026-02:3902;2026-03:4596;2026-04:3826;2026-05:4277;2026-06:3728;2026-07:4011;2026-08:3825;2026-09:4053,3559.76,181.79999999999973,0.051070858709575846
C0000039,5,5,2026-05,2026-09,219,5,2810.73,2800.42,2699.73,2912.36,83.08,2717.65,0.0296,0.9704,0.9704,0,3274.49,3274.49,1.165,-463.76,0.2,970.95,-1039.63,0.174,0.0,1.0,1,0.0,0.0,2717.65,p10_thu_nhap_dinh_ky_duong,0.65,0.65,Medium,Trung bình,2810.73,83.08,2026-05:2745;2026-06:2912;2026-07:2700;2026-08:2897;2026-09:2800,2497.65,220.0,0.08808279782996016
C0000040,12,12,2025-10,2026-09,388,12,3849.79,3837.88,3596.16,4137.34,158.1,3649.39,0.0411,0.9589,0.9589,0,3857.54,3857.54,1.002,-7.75,0.4167,-2081.03,-3249.89,0.0774,0.0,1.0,1,0.0,0.0,3649.39,p10_thu_nhap_dinh_ky_duong,0.95,0.95,High,Cao,3849.79,158.1,2025-10:3596;2025-11:3773;2025-12:3858;2026-01:3818;2026-02:3645;2026-03:4022;2026-04:4037;2026-05:3686;2026-06:3954;2026-07:3861;2026-08:3809;2026-09:4137,5862.23,2212.8399999999997,0.377474101152633
C0000041,12,12,2025-10,2026-09,300,12,575.06,572.92,540.29,602.42,15.31,565.14,0.0266,0.9734,0.9734,0,649.05,649.05,1.1287,-65.79,0.3333,13.64,-259.73,0.2136,0.0,1.0,1,0.0141,0.0141,565.14,p10_thu_nhap_dinh_ky_duong,0.9433,0.9433,High,Cao,575.06,15.31,2025-10:565;2025-11:540;2025-12:576;2026-01:585;2026-02:568;2026-03:602;2026-04:571;2026-05:595;2026-06:585;2026-07:575;2026-08:568;2026-09:570,506.41,58.72999999999996,0.11597322327758132
C0000042,12,12,2025-10,2026-09,330,7,676.89,1111.9,0.0,1260.83,573.48,1112.6,0.8472,0.1528,0.1528,5,796.09,796.09,1.1761,-66.26,0.4167,-600.18,-1039.92,0.3681,0.0,1.0,1,0.0725,0.0725,1112.6,p10_thu_nhap_dinh_ky_duong,0.5341,0.5341,Medium,Thấp,676.89,573.48,2025-10:1146;2025-11:1118;2025-12:1261;2026-01:1209;2026-02:1115;2026-03:1166;2026-04:1108;2026-05:0;2026-06:0;2026-07:0;2026-08:0;2026-09:0,1021.55,91.04999999999995,0.08912926435318874
C0000043,12,12,2025-10,2026-09,903,12,4595.49,4514.24,4389.38,5001.1,188.23,4425.64,0.041,0.959,0.959,0,9059.4,9059.4,1.9714,-4463.92,0.0,23203.09,-4544.53,0.1814,0.0,1.0,1,0.0,0.0,4425.64,p10_thu_nhap_dinh_ky_duong,0.95,0.95,High,Cao,4595.49,188.23,2025-10:4457;2025-11:4500;2025-12:5001;2026-01:4519;2026-02:4830;2026-03:4864;2026-04:4509;2026-05:4545;2026-06:4422;2026-07:4471;2026-08:4638;2026-09:4389,9728.14,5302.499999999999,0.5450682247582785
C0000044,12,12,2025-10,2026-09,252,12,375.99,373.56,340.83,408.58,16.82,364.29,0.0447,0.9553,0.9553,0,403.41,403.41,1.0729,-27.42,0.4167,-107.39,-260.0,0.2276,0.0,1.0,1,0.0,0.0,364.29,p10_thu_nhap_dinh_ky_duong,0.95,0.95,High,Cao,375.99,16.82,2025-10:341;2025-11:364;2025-12:387;2026-01:367;2026-02:366;2026-03:388;2026-04:373;2026-05:374;2026-06:364;2026-07:390;2026-08:390;2026-09:409,335.34,28.950000000000045,0.08633029164430145
C0000045,12,12,2025-10,2026-09,1448,12,5890.13,5803.53,5534.85,6652.89,313.01,5564.07,0.0531,0.9469,0.9469,0,5938.78,5938.78,1.0083,1207.26,1.0,-765.02,-3249.81,0.1115,0.0,1.0,1,0.1757,0.1757,5564.07,p10_thu_nhap_dinh_ky_duong,0.8665,0.8665,High,Cao,5890.13,313.01,2025-10:5769;2025-11:5535;2025-12:5550;2026-01:5771;2026-02:5825;2026-03:6653;2026-04:5922;2026-05:5695;2026-06:6408;2026-07:5887;2026-08:5885;2026-09:5782,3470.48,2093.5899999999997,0.6032566100366519
C0000046,12,12,2025-10,2026-09,457,12,2418.89,2402.17,2306.27,2658.72,97.87,2309.26,0.0405,0.9595,0.9595,0,2465.85,2465.85,1.0194,147.55,0.5,552.05,-1039.47,0.2884,0.0,1.0,1,0.0744,0.0744,2309.26,p10_thu_nhap_dinh_ky_duong,0.9146,0.9146,High,Cao,2418.89,97.87,2025-10:2307;2025-11:2404;2025-12:2519;2026-01:2439;2026-02:2424;2026-03:2659;2026-04:2329;2026-05:2400;2026-06:2506;2026-07:2361;2026-08:2372;2026-09:2306,2141.94,167.32000000000016,0.0781161003576198
C0000047,12,12,2025-10,2026-09,407,12,2034.8,1997.09,1820.29,2356.06,191.17,1823.4,0.094,0.906,0.906,0,2010.32,2010.32,0.988,24.48,0.5833,543.0,-259.9,0.2843,0.0,1.0,1,0.0,0.0,1823.4,p10_thu_nhap_dinh_ky_duong,0.95,0.95,High,Cao,2034.8,191.17,2025-10:1963;2025-11:1820;2025-12:2073;2026-01:1926;2026-02:2102;2026-03:2031;2026-04:1837;2026-05:1865;2026-06:1822;2026-07:2356;2026-08:2329;2026-09:2293,1706.2,117.20000000000005,0.068690657601688
C0000048,12,12,2025-10,2026-09,591,12,3127.35,3184.83,2796.81,3415.83,179.32,2883.49,0.0573,0.9427,0.9427,0,3168.77,3168.77,1.0132,204.92,0.5833,1202.87,-779.99,0.1324,0.0,1.0,1,0.073,0.073,2883.49,p10_thu_nhap_dinh_ky_duong,0.9153,0.9153,High,Cao,3127.35,179.32,2025-10:2797;2025-11:2998;2025-12:3352;2026-01:3242;2026-02:2871;2026-03:3221;2026-04:3038;2026-05:3416;2026-06:3217;2026-07:3210;2026-08:3006;2026-09:3160,2783.83,99.65999999999985,0.035799599831886235
C0000049,4,4,2026-07,2026-10,79,3,828.94,1086.87,0.0,1142.03,480.62,1054.67,0.5798,0.4202,0.4202,1,1281.83,1281.83,1.5463,-452.89,0.25,144.23,-259.87,0.7808,0.0,1.0,1,0.0,0.0,1054.67,p10_thu_nhap_dinh_ky_duong,0.4875,0.4875,Low,Thấp,828.94,480.62,2026-07:1033;2026-08:1142;2026-09:1141;2026-10:0,1033.12,21.550000000000182,0.020859145113830132
C0000050,12,12,2025-10,2026-09,586,12,3269.59,3426.94,2796.18,3696.46,313.43,2895.31,0.0959,0.9041,0.9041,0,3336.82,3336.82,1.0206,-67.23,0.4167,854.73,-779.65,0.1365,0.0,1.0,1,0.0,0.0,2895.31,p10_thu_nhap_dinh_ky_duong,0.95,0.95,High,Cao,3269.59,313.43,2025-10:3440;2025-11:3604;2025-12:3462;2026-01:3530;2026-02:3414;2026-03:3696;2026-04:3529;2026-05:2892;2026-06:2940;2026-07:3006;2026-08:2796;2026-09:2926,3124.82,229.51000000000022,0.07344743057200101
C0000051,12,12,2025-10,2026-09,588,12,6260.44,6042.46,5521.92,8056.07,739.52,5658.31,0.1181,0.8819,0.8819,0,6162.32,6162.32,0.9843,770.37,0.8333,1512.67,-1950.0,0.1327,0.0,1.0,1,0.097,0.097,5658.31,p10_thu_nhap_dinh_ky_duong,0.9039,0.9039,High,Cao,6260.44,739.52,2025-10:5713;2025-11:5820;2025-12:6007;2026-01:6248;2026-02:6036;2026-03:6279;2026-04:6049;2026-05:5652;2026-06:6155;2026-07:5522;2026-08:8056;2026-09:7587,5190.21,468.10000000000036,0.09018902896029261
C0000052,12,12,2025-10,2026-09,560,12,2571.82,2563.59,2405.18,2790.34,101.76,2436.8,0.0396,0.9604,0.9604,0,2670.7,2670.7,1.0384,46.8,0.5833,371.08,-779.92,0.131,0.0,1.0,1,0.0536,0.0536,2436.8,p10_thu_nhap_dinh_ky_duong,0.9245,0.9245,High,Cao,2571.82,101.76,2025-10:2405;2025-11:2649;2025-12:2654;2026-01:2552;2026-02:2429;2026-03:2660;2026-04:2513;2026-05:2566;2026-06:2561;2026-07:2571;2026-08:2790;2026-09:2511,2296.51,140.28999999999996,0.06108834710060045
C0000053,3,3,2026-08,2026-10,96,2,5312.36,7853.3,0.0,8083.79,3757.59,7876.35,0.7073,0.2927,0.2927,1,5688.34,5688.34,1.0708,-375.98,0.3333,4449.39,-1949.5,0.8141,0.0,1.0,1,0.0,0.0,7876.35,p10_thu_nhap_dinh_ky_duong,0.4333,0.4333,Low,Thấp,5312.36,3757.59,2026-08:8084;2026-09:7853;2026-10:0,6967.52,908.8299999999999,0.13043808987989985
C0000054,12,12,2025-10,2026-09,819,12,3933.44,3896.65,3566.16,4613.02,261.5,3702.88,0.0665,0.9335,0.9335,0,3943.84,3943.84,1.0026,574.64,0.8333,1191.72,-779.84,0.1544,0.0,1.0,1,0.1295,0.1295,3702.88,p10_thu_nhap_dinh_ky_duong,0.8885,0.8885,High,Cao,3933.44,261.5,2025-10:3566;2025-11:3759;2025-12:4108;2026-01:3986;2026-02:4070;2026-03:4613;2026-04:3697;2026-05:3808;2026-06:4060;2026-07:3986;2026-08:3790;2026-09:3759,2742.95,959.9300000000003,0.3499626314734138
C0000055,12,12,2025-10,2026-09,685,12,7214.99,7226.54,6522.69,7804.34,337.96,6793.59,0.0468,0.9532,0.9532,0,7330.63,7330.63,1.016,504.87,0.5833,1523.67,-1949.94,0.1637,0.0,1.0,1,0.0792,0.0792,6793.59,p10_thu_nhap_dinh_ky_duong,0.9124,0.9124,High,Cao,7214.99,337.96,2025-10:6767;2025-11:7284;2025-12:7035;2026-01:7324;2026-02:7296;2026-03:7746;2026-04:6523;2026-05:7167;2026-06:7804;2026-07:7251;2026-08:7202;2026-09:7180,6521.66,271.9300000000003,0.04169643925012961
C0000056,12,12,2025-10,2026-09,596,12,1670.77,1648.96,1520.53,1844.35,86.55,1608.44,0.0518,0.9482,0.9482,0,1710.41,1710.41,1.0237,91.5,0.6667,118.01,-779.79,0.276,0.0,1.0,1,0.0728,0.0728,1608.44,p10_thu_nhap_dinh_ky_duong,0.9154,0.9154,High,Cao,1670.77,86.55,2025-10:1697;2025-11:1607;2025-12:1622;2026-01:1628;2026-02:1669;2026-03:1633;2026-04:1521;2026-05:1650;2026-06:1648;2026-07:1700;2026-08:1829;2026-09:1844,1504.22,104.22000000000003,0.06928507798061455
C0000057,12,12,2025-10,2026-09,1241,12,20333.5,20510.94,19207.29,21390.44,647.51,19444.68,0.0318,0.9682,0.9682,0,20125.47,20125.47,0.9898,4371.18,1.0,3466.04,-6499.7,0.0683,0.0,1.0,1,0.1699,0.1699,19444.68,p10_thu_nhap_dinh_ky_duong,0.8693,0.8693,High,Cao,20333.5,647.51,2025-10:19207;2025-11:20570;2025-12:21390;2026-01:20588;2026-02:20452;2026-03:19424;2026-04:20577;2026-05:20062;2026-06:21063;2026-07:20994;2026-08:20046;2026-09:19627,17921.47,1523.2099999999991,0.08499358590562041
C0000058,12,12,2025-09,2026-08,40,0,0.0,0.0,0.0,0.0,0.0,0.0,,0.0,0.0,12,62.0,62.0,,-62.0,0.0,-1028.83,-1028.83,,0.0,0.0,0,0.0,0.0,0.0,p10_thu_nhap_dinh_ky_duong,0.0,0.0,Low,Thấp,0.0,0.0,2025-09:0;2025-10:0;2025-11:0;2025-12:0;2026-01:0;2026-02:0;2026-03:0;2026-04:0;2026-05:0;2026-06:0;2026-07:0;2026-08:0,3036.68,3036.68,1.0
C0000059,4,4,2026-07,2026-10,184,3,1530.55,1995.46,0.0,2131.28,886.41,1959.64,0.5791,0.4209,0.4209,1,2250.18,2250.18,1.4702,-719.63,0.25,692.66,-779.92,0.5167,0.0,1.0,1,0.0,0.0,1959.64,p10_thu_nhap_dinh_ky_duong,0.4875,0.4875,Low,Thấp,1530.55,886.41,2026-07:2055;2026-08:2131;2026-09:1936;2026-10:0,1854.2,105.44000000000005,0.056865494552906945
C0000060,12,12,2025-10,2026-09,1256,12,18784.31,18875.9,17535.54,19629.46,716.73,17708.74,0.0382,0.9618,0.9618,0,18556.7,18556.7,0.9879,4144.56,1.0,2232.33,-6499.72,0.0996,0.0,1.0,1,0.1725,0.1725,17708.74,p10_thu_nhap_dinh_ky_duong,0.868,0.868,High,Cao,18784.31,716.73,2025-10:19504;2025-11:18830;2025-12:19262;2026-01:17536;2026-02:18738;2026-03:17950;2026-04:18369;2026-05:18922;2026-06:19629;2026-07:17682;2026-08:19612;2026-09:19377,16383.28,1325.460000000001,0.08090321352012544
C0000061,12,12,2025-10,2026-09,605,12,3108.73,3108.56,2884.95,3315.27,110.57,2970.17,0.0356,0.9644,0.9644,0,3102.79,3102.79,0.9981,225.1,0.75,1105.05,-779.97,0.1438,0.0,1.0,1,0.0659,0.0659,2970.17,p10_thu_nhap_dinh_ky_duong,0.9187,0.9187,High,Cao,3108.73,110.57,2025-10:3095;2025-11:3123;2025-12:3079;2026-01:3092;2026-02:2963;2026-03:3247;2026-04:3148;2026-05:3315;2026-06:3161;2026-07:3160;2026-08:3039;2026-09:2885,2720.44,249.73000000000002,0.09179765038008558
C0000062,12,12,2025-10,2026-09,1312,12,8861.15,7023.09,6373.68,14312.05,2981.42,6504.3,0.3365,0.6635,0.6635,0,9131.11,9131.11,1.0305,-269.96,0.4167,39940.11,29537.84,0.2738,0.0,1.0,1,0.0,0.0,6504.3,p10_thu_nhap_dinh_ky_duong,0.95,0.95,High,Trung bình,8861.15,2981.42,2025-10:12758;2025-11:12250;2025-12:14312;2026-01:12735;2026-02:7171;2026-03:7343;2026-04:6875;2026-05:6800;2026-06:6573;2026-07:6646;2026-08:6497;2026-09:6374,11301.48,4797.179999999999,0.4244736087662854
C0000063,12,12,2025-10,2026-09,930,12,7036.22,7048.9,6652.17,7457.71,215.52,6803.06,0.0306,0.9694,0.9694,0,7113.3,7113.3,1.011,835.6,0.8333,1387.04,-1949.95,0.1262,0.0,1.0,1,0.1148,0.1148,6803.06,p10_thu_nhap_dinh_ky_duong,0.8955,0.8955,High,Cao,7036.22,215.52,2025-10:6851;2025-11:6798;2025-12:6972;2026-01:6982;2026-02:7116;2026-03:7458;2026-04:7120;2026-05:6861;2026-06:7219;2026-07:6652;2026-08:7195;2026-09:7212,4409.8,2393.26,0.5427139552814186
C0000064,12,12,2025-10,2026-09,620,12,2937.81,2944.54,2715.7,3123.92,125.82,2761.8,0.0428,0.9572,0.9572,0,3053.76,3053.76,1.0395,-115.94,0.4167,1112.16,-259.97,0.2102,0.0,1.0,1,0.0,0.0,2761.8,p10_thu_nhap_dinh_ky_duong,0.95,0.95,High,Cao,2937.81,125.82,2025-10:2716;2025-11:2808;2025-12:3124;2026-01:3005;2026-02:3007;2026-03:2909;2026-04:2890;2026-05:3123;2026-06:3026;2026-07:2757;2026-08:2913;2026-09:2976,942.52,1819.2800000000002,1.930229597249926
C0000065,12,12,2025-10,2026-09,611,12,3108.94,3104.9,2929.7,3294.65,91.34,2997.16,0.0294,0.9706,0.9706,0,3089.68,3089.68,0.9938,19.26,0.5833,464.97,-779.99,0.204,0.0,1.0,1,0.0,0.0,2997.16,p10_thu_nhap_dinh_ky_duong,0.95,0.95,High,Cao,3108.94,91.34,2025-10:2930;2025-11:3060;2025-12:3082;2026-01:3166;2026-02:3117;2026-03:3178;2026-04:3295;2026-05:3093;2026-06:3155;2026-07:3069;2026-08:3174;2026-09:2990,2753.68,243.48000000000002,0.08841985996920486
C0000066,12,12,2025-10,2026-09,613,12,2532.01,2544.46,2381.75,2675.68,101.65,2393.08,0.0401,0.9599,0.9599,0,2690.07,2690.07,1.0624,21.43,0.5,581.89,-779.84,0.1479,0.0,1.0,1,0.0662,0.0662,2393.08,p10_thu_nhap_dinh_ky_duong,0.9186,0.9186,High,Cao,2532.01,101.65,2025-10:2459;2025-11:2382;2025-12:2575;2026-01:2391;2026-02:2516;2026-03:2632;2026-04:2573;2026-05:2647;2026-06:2410;2026-07:2484;2026-08:2676;2026-09:2639,2231.57,161.50999999999976,0.07237505433394416
C0000067,12,12,2025-10,2026-09,462,12,1319.76,1305.2,1241.93,1459.55,63.54,1252.62,0.0481,0.9519,0.9519,0,1340.76,1340.76,1.0159,74.2,0.5,-181.54,-1039.76,0.2305,0.0,1.0,1,0.0673,0.0673,1252.62,p10_thu_nhap_dinh_ky_duong,0.918,0.918,High,Cao,1319.76,63.54,2025-10:1301;2025-11:1309;2025-12:1346;2026-01:1270;2026-02:1242;2026-03:1366;2026-04:1276;2026-05:1259;2026-06:1385;2026-07:1252;2026-08:1460;2026-09:1371,1172.04,80.57999999999993,0.068751919729702
C0000068,12,12,2025-10,2026-09,438,12,1491.67,1497.0,1403.94,1596.79,44.31,1441.62,0.0297,0.9703,0.9703,0,1694.15,1694.15,1.1357,-202.48,0.4167,-1245.71,-1817.85,0.3382,0.0,1.0,1,0.0,0.0,1441.62,p10_thu_nhap_dinh_ky_duong,0.95,0.95,High,Cao,1491.67,44.31,2025-10:1404;2025-11:1465;2025-12:1489;2026-01:1499;2026-02:1495;2026-03:1597;2026-04:1500;2026-05:1484;2026-06:1500;2026-07:1519;2026-08:1439;2026-09:1509,1748.0,306.3800000000001,0.17527459954233415
C0000069,12,12,2025-10,2026-09,55,0,0.0,0.0,0.0,0.0,0.0,0.0,,0.0,0.0,12,84.5,84.5,,-84.5,0.0,-1033.79,-1033.79,,0.0,0.0,0,0.0,0.0,0.0,p10_thu_nhap_dinh_ky_duong,0.0,0.0,Low,Thấp,0.0,0.0,2025-10:0;2025-11:0;2025-12:0;2026-01:0;2026-02:0;2026-03:0;2026-04:0;2026-05:0;2026-06:0;2026-07:0;2026-08:0;2026-09:0,2568.32,2568.32,1.0
C0000070,12,12,2025-10,2026-09,291,12,1022.1,1011.4,982.84,1094.65,31.44,993.88,0.0308,0.9692,0.9692,0,1038.1,1038.1,1.0157,-16.0,0.6667,148.34,-259.98,0.3166,0.0,1.0,1,0.0,0.0,993.88,p10_thu_nhap_dinh_ky_duong,0.95,0.95,High,Cao,1022.1,31.44,2025-10:999;2025-11:993;2025-12:998;2026-01:1006;2026-02:1016;2026-03:1056;2026-04:1052;2026-05:1001;2026-06:1024;2026-07:1095;2026-08:1040;2026-09:983,921.6,72.27999999999997,0.07842881944444441
C0000071,12,12,2025-10,2026-09,985,12,5107.59,5103.28,4776.0,5568.67,207.76,4870.38,0.0407,0.9593,0.9593,0,5138.96,5138.96,1.0061,-31.37,0.4167,-1122.9,-3249.98,0.1141,0.0,1.0,1,0.0,0.0,4870.38,p10_thu_nhap_dinh_ky_duong,0.95,0.95,High,Cao,5107.59,207.76,2025-10:4865;2025-11:5180;2025-12:4916;2026-01:4995;2026-02:5212;2026-03:5128;2026-04:4776;2026-05:5072;2026-06:5079;2026-07:5133;2026-08:5368;2026-09:5569,4669.56,200.8199999999997,0.04300619330300921
C0000072,12,12,2025-10,2026-09,561,12,2535.97,2545.27,2271.61,2746.0,120.86,2415.33,0.0477,0.9523,0.9523,0,2552.66,2552.66,1.0066,178.25,0.5833,454.1,-779.94,0.2412,0.0,1.0,1,0.0714,0.0714,2415.33,p10_thu_nhap_dinh_ky_duong,0.9161,0.9161,High,Cao,2535.97,120.86,2025-10:2412;2025-11:2272;2025-12:2632;2026-01:2445;2026-02:2548;2026-03:2680;2026-04:2746;2026-05:2512;2026-06:2585;2026-07:2482;2026-08:2542;2026-09:2575,2221.92,193.40999999999985,0.087046338302009
C0000073,12,12,2025-10,2026-09,790,12,5271.58,5318.36,4852.45,5614.73,249.11,4952.49,0.0473,0.9527,0.9527,0,5390.09,5390.09,1.0225,616.78,0.6667,-57.44,-3249.99,0.1593,0.0,1.0,1,0.1224,0.1224,4952.49,p10_thu_nhap_dinh_ky_duong,0.8919,0.8919,High,Cao,5271.58,249.11,2025-10:5361;2025-11:4852;2025-12:5582;2026-01:5056;2026-02:5293;2026-03:5344;2026-04:5012;2026-05:5615;2026-06:4946;2026-07:5454;2026-08:5557;2026-09:5189,4577.66,374.8299999999999,0.08188244649012813
C0000074,12,12,2025-10,2026-09,412,12,2587.23,2577.06,2270.42,2777.07,134.51,2472.93,0.052,0.948,0.948,0,2556.27,2556.27,0.988,221.33,0.6667,926.25,-1039.92,0.1692,0.0,1.0,1,0.0685,0.0685,2472.93,p10_thu_nhap_dinh_ky_duong,0.9174,0.9174,High,Cao,2587.23,134.51,2025-10:2658;2025-11:2777;2025-12:2702;2026-01:2557;2026-02:2470;2026-03:2777;2026-04:2565;2026-05:2270;2026-06:2553;2026-07:2631;2026-08:2496;2026-09:2589,2276.66,196.26999999999998,0.08620962286858819
C0000075,12,12,2025-10,2026-09,1122,12,18930.66,18884.26,17486.22,21370.32,952.11,18056.16,0.0503,0.9497,0.9497,0,19066.62,19066.62,1.0072,3218.58,0.9167,2408.8,-6499.8,0.0787,0.0,1.0,1,0.1505,0.1505,18056.16,p10_thu_nhap_dinh_ky_duong,0.8785,0.8785,High,Cao,18930.66,952.11,2025-10:19175;2025-11:18933;2025-12:18201;2026-01:19991;2026-02:18757;2026-03:21370;2026-04:18869;2026-05:19045;2026-06:18400;2026-07:18899;2026-08:17486;2026-09:18040,16683.71,1372.4500000000007,0.0822628779809767
C0000076,12,12,2025-10,2026-09,277,12,1139.66,1140.53,1068.84,1216.69,35.02,1101.66,0.0307,0.9693,0.9693,0,1159.74,1159.74,1.0176,-20.09,0.4167,181.25,-259.97,0.2781,0.0,1.0,1,0.0,0.0,1101.66,p10_thu_nhap_dinh_ky_duong,0.95,0.95,High,Cao,1139.66,35.02,2025-10:1100;2025-11:1069;2025-12:1173;2026-01:1152;2026-02:1136;2026-03:1217;2026-04:1137;2026-05:1139;2026-06:1142;2026-07:1143;2026-08:1156;2026-09:1114,995.82,105.84000000000003,0.10628426824124844
C0000077,12,12,2025-10,2026-09,455,12,2010.17,2002.88,1854.39,2227.72,100.91,1877.64,0.0502,0.9498,0.9498,0,2045.42,2045.42,1.0175,112.28,0.4167,401.44,-1039.8,0.1937,0.0,1.0,1,0.0684,0.0684,1877.64,p10_thu_nhap_dinh_ky_duong,0.9175,0.9175,High,Cao,2010.17,100.91,2025-10:2005;2025-11:1854;2025-12:1983;2026-01:2048;2026-02:1972;2026-03:2000;2026-04:2142;2026-05:2060;2026-06:2228;2026-07:1872;2026-08:1924;2026-09:2033,1745.37,132.2700000000002,0.07578335825641568
C0000078,12,12,2025-10,2026-09,681,12,8373.26,8427.4,7900.65,8674.73,229.31,7989.16,0.0274,0.9726,0.9726,0,7469.05,7469.05,0.892,1565.13,0.9167,20038.39,8626.12,0.0909,0.0,1.0,1,0.0732,0.0732,7989.16,p10_thu_nhap_dinh_ky_duong,0.9152,0.9152,High,Cao,8373.26,229.31,2025-10:8397;2025-11:7968;2025-12:8513;2026-01:7901;2026-02:8383;2026-03:8580;2026-04:8675;2026-05:8176;2026-06:8476;2026-07:8556;2026-08:8452;2026-09:8403,12637.32,4648.16,0.36781216270538375
C0000079,12,12,2025-10,2026-09,838,12,6501.47,6478.05,6203.92,6858.83,178.42,6303.1,0.0274,0.9726,0.9726,0,6502.25,6502.25,1.0001,554.27,0.8333,1226.1,-1949.93,0.0962,0.0,1.0,1,0.0787,0.0787,6303.1,p10_thu_nhap_dinh_ky_duong,0.9126,0.9126,High,Cao,6501.47,178.42,2025-10:6368;2025-11:6204;2025-12:6673;2026-01:6405;2026-02:6296;2026-03:6632;2026-04:6859;2026-05:6681;2026-06:6396;2026-07:6548;2026-08:6435;2026-09:6521,5815.59,487.5100000000002,0.08382812405963973
C0000080,12,12,2025-10,2026-09,595,12,2045.82,2032.77,1916.65,2213.19,98.92,1921.67,0.0484,0.9516,0.9516,0,2072.0,2072.0,1.0128,131.39,0.6667,169.03,-779.95,0.1805,0.0,1.0,1,0.0715,0.0715,1921.67,p10_thu_nhap_dinh_ky_duong,0.916,0.916,High,Cao,2045.82,98.92,2025-10:2045;2025-11:1940;2025-12:2020;2026-01:1967;2026-02:1920;2026-03:2213;2026-04:2187;2026-05:2111;2026-06:2090;2026-07:1994;2026-08:1917;2026-09:2146,1831.63,90.03999999999996,0.049158399895175314
C0000081,12,12,2025-10,2026-09,452,12,4008.89,3937.2,3701.37,4431.42,214.65,3787.27,0.0535,0.9465,0.9465,0,4170.96,4170.96,1.0404,-162.07,0.4167,-346.38,-1949.54,0.1635,0.0,1.0,1,0.0,0.0,3787.27,p10_thu_nhap_dinh_ky_duong,0.95,0.95,High,Cao,4008.89,214.65,2025-10:3919;2025-11:4095;2025-12:4431;2026-01:4182;2026-02:3852;2026-03:4331;2026-04:3853;2026-05:3701;2026-06:3889;2026-07:3956;2026-08:4117;2026-09:3780,5209.41,1422.1399999999999,0.2729944465880013
C0000082,12,12,2025-10,2026-09,495,12,4674.13,4732.68,4253.9,4949.06,205.23,4410.52,0.0439,0.9561,0.9561,0,4704.16,4704.16,1.0064,-30.03,0.5833,-2618.67,-4549.92,0.1056,0.0,1.0,1,0.0,0.0,4410.52,p10_thu_nhap_dinh_ky_duong,0.95,0.95,High,Cao,4674.13,205.23,2025-10:4254;2025-11:4399;2025-12:4850;2026-01:4616;2026-02:4739;2026-03:4944;2026-04:4949;2026-05:4513;2026-06:4774;2026-07:4781;2026-08:4726;2026-09:4546,7896.48,3485.959999999999,0.44145745952626986
C0000083,12,12,2025-10,2026-09,805,12,3622.36,3592.28,3299.14,4058.06,186.79,3488.58,0.0516,0.9484,0.9484,0,3616.39,3616.39,0.9984,302.51,0.6667,117.76,-1949.99,0.1377,0.0,1.0,1,0.0757,0.0757,3488.58,p10_thu_nhap_dinh_ky_duong,0.9141,0.9141,High,Cao,3622.36,186.79,2025-10:3533;2025-11:3299;2025-12:3856;2026-01:3601;2026-02:3598;2026-03:4058;2026-04:3486;2026-05:3510;2026-06:3586;2026-07:3693;2026-08:3516;2026-09:3732,3197.62,290.96000000000004,0.09099267580262822
C0000084,12,12,2025-10,2026-09,776,12,3817.76,3816.1,3654.8,4099.47,106.95,3732.94,0.028,0.972,0.972,0,3861.0,3861.0,1.0113,332.34,0.75,93.53,-1949.92,0.0911,0.0,1.0,1,0.0896,0.0896,3732.94,p10_thu_nhap_dinh_ky_duong,0.9075,0.9075,High,Cao,3817.76,106.95,2025-10:3818;2025-11:3866;2025-12:3832;2026-01:3655;2026-02:3732;2026-03:4099;2026-04:3743;2026-05:3892;2026-06:3857;2026-07:3760;2026-08:3745;2026-09:3814,3398.36,334.5799999999999,0.09845337162631385
C0000085,12,12,2025-10,2026-09,949,12,3535.0,3513.52,3183.26,3896.15,202.61,3332.33,0.0573,0.9427,0.9427,0,3563.48,3563.48,1.0081,458.16,0.75,-1704.61,-3249.94,0.1153,0.0,1.0,1,0.121,0.121,3332.33,p10_thu_nhap_dinh_ky_duong,0.8925,0.8925,High,Cao,3535.0,202.61,2025-10:3396;2025-11:3368;2025-12:3723;2026-01:3574;2026-02:3453;2026-03:3896;2026-04:3584;2026-05:3183;2026-06:3451;2026-07:3328;2026-08:3827;2026-09:3637,3132.08,200.25,0.0639351485274961
C0000086,12,12,2025-09,2026-08,68,0,0.0,0.0,0.0,0.0,0.0,0.0,,0.0,0.0,12,104.0,104.0,,-104.0,0.0,-1039.66,-1039.66,,0.0,0.0,0,0.0,0.0,0.0,p10_thu_nhap_dinh_ky_duong,0.0,0.0,Low,Thấp,0.0,0.0,2025-09:0;2025-10:0;2025-11:0;2025-12:0;2026-01:0;2026-02:0;2026-03:0;2026-04:0;2026-05:0;2026-06:0;2026-07:0;2026-08:0,2471.25,2471.25,1.0
C0000087,12,12,2025-10,2026-09,587,12,3159.69,3141.1,2894.85,3416.98,131.97,3063.56,0.0418,0.9582,0.9582,0,3271.19,3271.19,1.0353,91.15,0.5,672.52,-779.77,0.261,0.0,1.0,1,0.0603,0.0603,3063.56,p10_thu_nhap_dinh_ky_duong,0.9214,0.9214,High,Cao,3159.69,131.97,2025-10:3195;2025-11:3167;2025-12:3417;2026-01:3244;2026-02:3065;2026-03:2895;2026-04:3098;2026-05:3326;2026-06:3086;2026-07:3115;2026-08:3243;2026-09:3063,2799.62,263.94000000000005,0.09427708046091972
C0000088,12,12,2025-10,2026-09,894,12,6522.35,6532.22,5941.99,6824.33,244.12,6253.01,0.0374,0.9626,0.9626,0,6558.92,6558.92,1.0056,909.25,0.8333,1302.53,-1949.84,0.1247,0.0,1.0,1,0.1266,0.1266,6253.01,p10_thu_nhap_dinh_ky_duong,0.8898,0.8898,High,Cao,6522.35,244.12,2025-10:6509;2025-11:5942;2025-12:6555;2026-01:6415;2026-02:6235;2026-03:6727;2026-04:6674;2026-05:6444;2026-06:6689;2026-07:6815;2026-08:6438;2026-09:6824,4389.76,1863.25,0.4244537286776498
C0000089,12,12,2025-10,2026-09,869,12,6159.99,6152.3,5859.36,6567.02,228.17,5893.65,0.037,0.963,0.963,0,6160.52,6160.52,1.0001,852.0,0.9167,-107.38,-3249.96,0.1066,0.0,1.0,1,0.1216,0.1216,5893.65,p10_thu_nhap_dinh_ky_duong,0.8923,0.8923,High,Cao,6159.99,228.17,2025-10:5901;2025-11:5859;2025-12:6567;2026-01:6114;2026-02:6363;2026-03:6478;2026-04:5893;2026-05:6024;2026-06:6338;2026-07:6210;2026-08:6191;2026-09:5981,5744.51,149.13999999999942,0.025962179541858123
C0000090,12,12,2025-10,2026-09,1512,22,7001.45,5228.9,0.0,25582.3,6699.54,3105.9,0.9569,0.0431,0.0431,2,6944.2,6944.2,0.9918,57.25,0.5,2407.83,-1949.9,0.9295,0.0,1.0,1,0.0,0.0,3105.9,p10_thu_nhap_dinh_ky_duong,0.95,0.95,High,Trung bình,7001.45,6699.54,2025-10:8197;2025-11:0;2025-12:2786;2026-01:3141;2026-02:6615;2026-03:3577;2026-04:12678;2026-05:3843;2026-06:9382;2026-07:25582;2026-08:0;2026-09:8217,4230.98,1125.0799999999995,0.26591475261050623
C0000091,12,12,2025-10,2026-09,629,12,1486.05,1545.64,1141.07,1779.95,190.87,1195.07,0.1284,0.8716,0.8716,0,1590.1,1590.1,1.07,-104.05,0.4167,-227.61,-779.91,0.3067,0.0,1.0,1,0.0,0.0,1195.07,p10_thu_nhap_dinh_ky_duong,0.95,0.95,High,Cao,1486.05,190.87,2025-10:1141;2025-11:1192;2025-12:1222;2026-01:1584;2026-02:1586;2026-03:1780;2026-04:1682;2026-05:1566;2026-06:1514;2026-07:1578;2026-08:1463;2026-09:1526,1116.31,78.75999999999999,0.07055387840295257
C0000092,12,12,2025-10,2026-09,69,0,0.0,0.0,0.0,0.0,0.0,0.0,,0.0,0.0,12,105.5,105.5,,-105.5,0.0,-774.32,-774.32,,0.0,0.0,0,0.0,0.0,0.0,p10_thu_nhap_dinh_ky_duong,0.0,0.0,Low,Thấp,0.0,0.0,2025-10:0;2025-11:0;2025-12:0;2026-01:0;2026-02:0;2026-03:0;2026-04:0;2026-05:0;2026-06:0;2026-07:0;2026-08:0;2026-09:0,2779.22,2779.22,1.0
C0000093,12,12,2025-10,2026-09,862,12,8975.72,8947.05,8580.26,9480.04,297.49,8597.31,0.0331,0.9669,0.9669,0,9040.05,9040.05,1.0072,1184.68,1.0,962.43,-3249.83,0.0855,0.0,1.0,1,0.1222,0.1222,8597.31,p10_thu_nhap_dinh_ky_duong,0.892,0.892,High,Cao,8975.72,297.49,2025-10:9278;2025-11:8708;2025-12:9480;2026-01:8585;2026-02:9247;2026-03:8724;2026-04:9080;2026-05:8786;2026-06:8580;2026-07:9026;2026-08:9347;2026-09:8868,8112.09,485.21999999999935,0.05981442513581572
C0000094,12,12,2025-10,2026-09,560,12,3294.32,3310.26,3085.89,3454.98,105.94,3156.26,0.0322,0.9678,0.9678,0,3341.84,3341.84,1.0144,194.52,0.6667,1384.83,-779.8,0.2104,0.0,1.0,1,0.0684,0.0684,3156.26,p10_thu_nhap_dinh_ky_duong,0.9175,0.9175,High,Cao,3294.32,105.94,2025-10:3086;2025-11:3296;2025-12:3361;2026-01:3154;2026-02:3265;2026-03:3433;2026-04:3178;2026-05:3284;2026-06:3327;2026-07:3325;2026-08:3455;2026-09:3369,2930.42,225.84000000000015,0.07706745108209749
C0000095,12,12,2025-10,2026-09,893,12,8471.82,8428.7,8043.55,9185.42,319.48,8111.08,0.0377,0.9623,0.9623,0,8494.09,8494.09,1.0026,1184.34,0.9167,671.98,-3249.97,0.0956,0.0,1.0,1,0.1247,0.1247,8111.08,p10_thu_nhap_dinh_ky_duong,0.8908,0.8908,High,Cao,8471.82,319.48,2025-10:8520;2025-11:8424;2025-12:9185;2026-01:8110;2026-02:8520;2026-03:8044;2026-04:8916;2026-05:8312;2026-06:8117;2026-07:8672;2026-08:8408;2026-09:8434,7528.12,582.96,0.07743766039861215
C0000096,12,12,2025-10,2026-09,616,12,3888.16,3887.6,3667.68,4064.19,127.06,3699.78,0.0327,0.9673,0.9673,0,3957.03,3957.03,1.0177,213.74,0.6667,1231.17,-779.99,0.1588,0.0,1.0,1,0.0678,0.0678,3699.78,p10_thu_nhap_dinh_ky_duong,0.9178,0.9178,High,Cao,3888.16,127.06,2025-10:4025;2025-11:3668;2025-12:3856;2026-01:3691;2026-02:3812;2026-03:4064;2026-04:3874;2026-05:3991;2026-06:3901;2026-07:3978;2026-08:4023;2026-09:3775,3437.07,262.71000000000004,0.07643428850736238
C0000097,12,12,2025-10,2026-09,269,12,1071.79,1066.71,1013.74,1164.88,40.17,1034.1,0.0375,0.9625,0.9625,0,1036.52,1036.52,0.9671,35.27,0.5833,164.99,-259.96,0.2901,0.0,1.0,1,0.0,0.0,1034.1,p10_thu_nhap_dinh_ky_duong,0.95,0.95,High,Cao,1071.79,40.17,2025-10:1035;2025-11:1046;2025-12:1062;2026-01:1071;2026-02:1109;2026-03:1165;2026-04:1042;2026-05:1034;2026-06:1098;2026-07:1094;2026-08:1014;2026-09:1090,951.79,82.30999999999995,0.08647916031897787
C0000098,11,11,2025-11,2026-09,1468,39,3891.72,3850.83,0.0,8635.17,2011.04,2683.01,0.5167,0.4833,0.4833,1,3696.81,3696.81,0.9499,194.91,0.6364,551.51,-1817.66,0.486,0.0,1.0,1,0.0,0.0,2683.01,p10_thu_nhap_dinh_ky_duong,0.95,0.95,High,Trung bình,3891.72,2011.04,2025-11:2704;2025-12:4744;2026-01:4054;2026-02:4009;2026-03:3851;2026-04:0;2026-05:3652;2026-06:5396;2026-07:3274;2026-08:8635;2026-09:2491,1748.0,935.0100000000002,0.5349027459954234
C0000099,12,12,2025-10,2026-09,774,12,7929.46,7796.18,7381.55,8937.56,433.73,7551.81,0.0547,0.9453,0.9453,0,8070.19,8070.19,1.0177,2040.93,1.0,-719.86,-5199.75,0.1108,0.0,1.0,1,0.2158,0.2158,7551.81,p10_thu_nhap_dinh_ky_duong,0.8475,0.8475,High,Trung bình,7929.46,433.73,2025-10:7382;2025-11:7902;2025-12:7690;2026-01:8373;2026-02:7982;2026-03:8938;2026-04:7568;2026-05:7582;2026-06:8290;2026-07:8229;2026-08:7550;2026-09:7668,5619.09,1932.7200000000003,0.3439560498230141
C0000100,12,12,2025-10,2026-09,328,12,1702.3,1696.82,1591.06,1801.24,59.87,1648.58,0.0352,0.9648,0.9648,0,1741.11,1741.11,1.0228,-38.82,0.4167,390.55,-259.91,0.1655,0.0,1.0,1,0.0,0.0,1648.58,p10_thu_nhap_dinh_ky_duong,0.95,0.95,High,Cao,1702.3,59.87,2025-10:1591;2025-11:1688;2025-12:1707;2026-01:1704;2026-02:1787;2026-03:1660;2026-04:1647;2026-05:1690;2026-06:1663;2026-07:1785;2026-08:1801;2026-09:1703,1502.51,146.06999999999994,0.09721732301282517
C0000101,12,12,2025-10,2026-09,991,12,5835.15,5867.26,5441.22,6177.12,219.2,5518.54,0.0376,0.9624,0.9624,0,6339.34,6339.34,1.0864,-504.19,0.3333,-1622.09,-4756.99,0.1848,0.0,1.0,1,0.0,0.0,5518.54,p10_thu_nhap_dinh_ky_duong,0.95,0.95,High,Cao,5835.15,219.2,2025-10:6014;2025-11:5441;2025-12:5963;2026-01:5695;2026-02:6082;2026-03:5768;2026-04:5656;2026-05:5827;2026-06:5989;2026-07:5907;2026-08:6177;2026-09:5503,4574.2,944.3400000000001,0.20644921516330728
C0000102,12,12,2025-10,2026-09,539,7,2959.76,4742.6,0.0,5384.53,2509.02,4757.5,0.8477,0.1523,0.1523,5,3299.64,3299.64,1.1148,56.12,0.5,1093.63,-779.95,0.3408,0.0,1.0,1,0.118,0.118,4757.5,p10_thu_nhap_dinh_ky_duong,0.5215,0.5215,Medium,Thấp,2959.76,2509.02,2025-10:5385;2025-11:5055;2025-12:5301;2026-01:4817;2026-02:5327;2026-03:4966;2026-04:4668;2026-05:0;2026-06:0;2026-07:0;2026-08:0;2026-09:0,3147.54,1609.96,0.5114978681764172
C0000103,12,12,2025-10,2026-09,518,12,2207.77,2205.76,1990.51,2425.6,104.85,2122.46,0.0475,0.9525,0.9525,0,2243.61,2243.61,1.0162,120.47,0.6667,310.37,-1039.83,0.1539,0.0,1.0,1,0.0661,0.0661,2122.46,p10_thu_nhap_dinh_ky_duong,0.9186,0.9186,High,Cao,2207.77,104.85,2025-10:1991;2025-11:2121;2025-12:2296;2026-01:2282;2026-02:2426;2026-03:2145;2026-04:2226;2026-05:2273;2026-06:2179;2026-07:2185;2026-08:2133;2026-09:2236,1956.9,165.55999999999995,0.08460319893709435
C0000104,12,12,2025-10,2026-09,881,12,4567.09,4575.73,4317.46,4783.61,138.16,4372.68,0.0303,0.9697,0.9697,0,4624.36,4624.36,1.0125,300.3,0.75,342.47,-1949.86,0.1104,0.0,1.0,1,0.0726,0.0726,4372.68,p10_thu_nhap_dinh_ky_duong,0.9155,0.9155,High,Cao,4567.09,138.16,2025-10:4742;2025-11:4361;2025-12:4317;2026-01:4478;2026-02:4579;2026-03:4642;2026-04:4572;2026-05:4673;2026-06:4670;2026-07:4481;2026-08:4784;2026-09:4506,3989.83,382.85000000000036,0.09595646932325447
C0000105,12,12,2025-10,2026-09,1128,12,11212.77,11222.18,10602.84,11886.25,411.47,10646.41,0.0367,0.9633,0.9633,0,11251.1,11251.1,1.0034,-38.33,0.5,-1124.3,-6499.95,0.0518,0.0,1.0,1,0.0,0.0,10646.41,p10_thu_nhap_dinh_ky_duong,0.95,0.95,High,Cao,11212.77,411.47,2025-10:10625;2025-11:11707;2025-12:11217;2026-01:11245;2026-02:11227;2026-03:11886;2026-04:11108;2026-05:11841;2026-06:10962;2026-07:11292;2026-08:10839;2026-09:10603,10022.36,624.0499999999993,0.06226577372993978
C0000106,12,12,2025-10,2026-09,854,12,7610.55,7606.98,7021.38,8185.28,330.04,7187.96,0.0434,0.9566,0.9566,0,7666.73,7666.73,1.0074,1096.81,0.75,1830.23,-1949.83,0.1526,0.0,1.0,1,0.1316,0.1316,7187.96,p10_thu_nhap_dinh_ky_duong,0.8875,0.8875,High,Cao,7610.55,330.04,2025-10:7531;2025-11:7328;2025-12:7940;2026-01:7656;2026-02:7602;2026-03:8185;2026-04:7503;2026-05:7612;2026-06:7172;2026-07:7021;2026-08:8082;2026-09:7694,6624.81,563.1499999999996,0.08500621149889576
C0000107,12,12,2025-10,2026-09,540,12,3230.12,3243.46,3088.64,3402.13,99.7,3097.02,0.0309,0.9691,0.9691,0,3273.32,3273.32,1.0134,-43.2,0.4167,727.65,-779.95,0.1777,0.0,1.0,1,0.0,0.0,3097.02,p10_thu_nhap_dinh_ky_duong,0.95,0.95,High,Cao,3230.12,99.7,2025-10:3229;2025-11:3188;2025-12:3089;2026-01:3324;2026-02:3124;2026-03:3309;2026-04:3129;2026-05:3302;2026-06:3402;2026-07:3094;2026-08:3258;2026-09:3314,2862.25,234.76999999999998,0.08202288409468075
C0000108,12,12,2025-10,2026-09,904,12,6083.49,6014.06,5718.54,6519.71,230.69,5870.58,0.0379,0.9621,0.9621,0,6113.02,6113.02,1.0049,485.14,0.6667,1306.93,-1949.89,0.1228,0.0,1.0,1,0.078,0.078,5870.58,p10_thu_nhap_dinh_ky_duong,0.9129,0.9129,High,Cao,6083.49,230.69,2025-10:6035;2025-11:5993;2025-12:6371;2026-01:6275;2026-02:5868;2026-03:6266;2026-04:5947;2026-05:5895;2026-06:6214;2026-07:5719;2026-08:5899;2026-09:6520,5367.77,502.8099999999995,0.0936720463060078
C0000109,12,12,2025-10,2026-09,583,12,1807.27,1813.08,1693.61,1934.13,77.24,1711.9,0.0427,0.9573,0.9573,0,1895.01,1895.01,1.0486,54.25,0.5,362.25,-779.88,0.3119,0.0,1.0,1,0.0728,0.0728,1711.9,p10_thu_nhap_dinh_ky_duong,0.9154,0.9154,High,Cao,1807.27,77.24,2025-10:1711;2025-11:1753;2025-12:1934;2026-01:1891;2026-02:1879;2026-03:1870;2026-04:1716;2026-05:1849;2026-06:1848;2026-07:1779;2026-08:1694;2026-09:1764,1594.49,117.41000000000008,0.0736348299456253
C0000110,12,12,2025-10,2026-09,464,12,1690.18,1695.86,1565.11,1807.29,69.25,1622.02,0.041,0.959,0.959,0,1704.14,1704.14,1.0083,120.21,0.5833,-46.02,-1039.48,0.2158,0.0,1.0,1,0.0735,0.0735,1622.02,p10_thu_nhap_dinh_ky_duong,0.9151,0.9151,High,Cao,1690.18,69.25,2025-10:1636;2025-11:1633;2025-12:1621;2026-01:1742;2026-02:1694;2026-03:1807;2026-04:1732;2026-05:1565;2026-06:1646;2026-07:1717;2026-08:1698;2026-09:1790,1500.52,121.5,0.08097192973102658
C0000111,12,12,2025-10,2026-09,1403,12,7718.02,7759.05,6943.06,8304.61,324.55,7455.17,0.0421,0.9579,0.9579,0,7773.04,7773.04,1.0071,1410.2,0.8333,-2445.59,-6499.7,0.0984,0.0,1.0,1,0.1596,0.1596,7455.17,p10_thu_nhap_dinh_ky_duong,0.8742,0.8742,High,Cao,7718.02,324.55,2025-10:7931;2025-11:7721;2025-12:7650;2026-01:7874;2026-02:7477;2026-03:7797;2026-04:7939;2026-05:6943;2026-06:7453;2026-07:8305;2026-08:7593;2026-09:7932,6693.37,761.8000000000002,0.11381411755214492
C0000112,12,12,2025-10,2026-09,443,12,1250.42,1257.61,1195.71,1298.28,31.76,1203.51,0.0254,0.9746,0.9746,0,1307.41,1307.41,1.0456,37.8,0.5,-141.54,-1039.97,0.1573,0.0,1.0,1,0.0705,0.0705,1203.51,p10_thu_nhap_dinh_ky_duong,0.9165,0.9165,High,Cao,1250.42,31.76,2025-10:1253;2025-11:1202;2025-12:1271;2026-01:1263;2026-02:1222;2026-03:1298;2026-04:1272;2026-05:1279;2026-06:1196;2026-07:1280;2026-08:1220;2026-09:1250,1126.62,76.8900000000001,0.06824838898652616
C0000113,12,12,2025-10,2026-09,450,12,3624.17,3572.97,3412.6,3976.41,162.87,3499.89,0.0449,0.9551,0.9551,0,3670.79,3670.79,1.0129,217.24,0.5,1211.33,-1039.3,0.2249,0.0,1.0,1,0.0679,0.0679,3499.89,p10_thu_nhap_dinh_ky_duong,0.9178,0.9178,High,Cao,3624.17,162.87,2025-10:3500;2025-11:3413;2025-12:3730;2026-01:3519;2026-02:3584;2026-03:3976;2026-04:3569;2026-05:3905;2026-06:3577;2026-07:3680;2026-08:3500;2026-09:3537,3181.96,317.92999999999984,0.0999164037260053
C0000114,12,12,2025-10,2026-09,622,12,3947.54,3894.38,3834.67,4154.06,104.37,3841.88,0.0264,0.9736,0.9736,0,3919.07,3919.07,0.9928,296.15,0.6667,1591.68,-779.98,0.1744,0.0,1.0,1,0.0635,0.0635,3841.88,p10_thu_nhap_dinh_ky_duong,0.9198,0.9198,High,Cao,3947.54,104.37,2025-10:3879;2025-11:3899;2025-12:3835;2026-01:3890;2026-02:4065;2026-03:3873;2026-04:4154;2026-05:3929;2026-06:3838;2026-07:4059;2026-08:4073;2026-09:3876,3448.74,393.1400000000003,0.1139952562385104
C0000115,12,12,2025-10,2026-09,925,12,7597.52,7566.61,7150.3,8221.18,354.26,7179.17,0.0466,0.9534,0.9534,0,7609.12,7609.12,1.0015,969.3,1.0,1746.24,-1949.75,0.0673,0.0,1.0,1,0.1143,0.1143,7179.17,p10_thu_nhap_dinh_ky_duong,0.8957,0.8957,High,Cao,7597.52,354.26,2025-10:7150;2025-11:7173;2025-12:7258;2026-01:7798;2026-02:7698;2026-03:8221;2026-04:7236;2026-05:7976;2026-06:7455;2026-07:8092;2026-08:7678;2026-09:7434,7006.72,172.44999999999982,0.02461208668249906
C0000116,6,6,2026-04,2026-09,599,6,5550.15,5543.31,5457.47,5644.55,70.67,5470.44,0.0127,0.9873,0.9873,0,6427.61,6427.61,1.1581,-877.45,0.3333,576.52,-3249.82,0.2243,0.0,1.0,1,0.0,0.0,5470.44,p10_thu_nhap_dinh_ky_duong,0.95,0.95,High,Cao,5550.15,70.67,2026-04:5573;2026-05:5645;2026-06:5483;2026-07:5514;2026-08:5457;2026-09:5629,4970.45,499.9899999999998,0.10059250168495806
C0000117,12,12,2025-10,2026-09,1506,12,8972.63,8969.69,8151.36,9594.97,466.57,8424.42,0.052,0.948,0.948,0,9050.78,9050.78,1.0087,1771.35,1.0,-2006.94,-6499.99,0.091,0.0,1.0,1,0.1709,0.1709,8424.42,p10_thu_nhap_dinh_ky_duong,0.8688,0.8688,High,Cao,8972.63,466.57,2025-10:8752;2025-11:9180;2025-12:9595;2026-01:9343;2026-02:8508;2026-03:9534;2026-04:8996;2026-05:8943;2026-06:9591;2026-07:8415;2026-08:8662;2026-09:8151,7958.16,466.2600000000002,0.058588920051871315
C0000118,12,12,2025-10,2026-09,863,12,3872.84,3815.83,3467.39,4176.55,206.38,3656.98,0.0533,0.9467,0.9467,0,3973.91,3973.91,1.0261,369.64,0.9167,-1086.7,-3249.98,0.0899,0.0,1.0,1,0.1084,0.1084,3656.98,p10_thu_nhap_dinh_ky_duong,0.8985,0.8985,High,Cao,3872.84,206.38,2025-10:3467;2025-11:3895;2025-12:4100;2026-01:3647;2026-02:4177;2026-03:4174;2026-04:3793;2026-05:3813;2026-06:3804;2026-07:3818;2026-08:3747;2026-09:4039,3476.69,180.28999999999996,0.05185679482496281
C0000119,12,12,2025-10,2026-09,1330,12,18256.93,18016.36,17348.51,19755.51,788.55,17471.88,0.0432,0.9568,0.9568,0,18088.48,18088.48,0.9908,4010.52,1.0,3189.47,-6499.31,0.1156,0.0,1.0,1,0.1739,0.1739,17471.88,p10_thu_nhap_dinh_ky_duong,0.8674,0.8674,High,Cao,18256.93,788.55,2025-10:17576;2025-11:17460;2025-12:17349;2026-01:18165;2026-02:17802;2026-03:17580;2026-04:17868;2026-05:19152;2026-06:19756;2026-07:18649;2026-08:18242;2026-09:19486,17037.18,434.7000000000007,0.025514785897666207
C0000120,12,12,2025-10,2026-09,64,0,0.0,0.0,0.0,0.0,0.0,0.0,,0.0,0.0,12,98.0,98.0,,-98.0,0.0,-776.99,-776.99,,0.0,0.0,0,0.0,0.0,0.0,p10_thu_nhap_dinh_ky_duong,0.0,0.0,Low,Thấp,0.0,0.0,2025-10:0;2025-11:0;2025-12:0;2026-01:0;2026-02:0;2026-03:0;2026-04:0;2026-05:0;2026-06:0;2026-07:0;2026-08:0;2026-09:0,1694.81,1694.81,1.0
C0000121,12,12,2025-10,2026-09,931,12,4465.59,4445.86,4179.5,4686.9,155.01,4294.26,0.0347,0.9653,0.9653,0,4589.63,4589.63,1.0278,532.87,0.75,-1056.89,-3249.96,0.1188,0.0,1.0,1,0.1282,0.1282,4294.26,p10_thu_nhap_dinh_ky_duong,0.8891,0.8891,High,Cao,4465.59,155.01,2025-10:4341;2025-11:4180;2025-12:4447;2026-01:4399;2026-02:4664;2026-03:4594;2026-04:4445;2026-05:4501;2026-06:4374;2026-07:4666;2026-08:4687;2026-09:4289,4738.36,444.09999999999945,0.09372441097763773
C0000122,12,12,2025-10,2026-09,955,12,3434.17,3442.6,3142.52,3727.97,164.1,3191.29,0.0478,0.9522,0.9522,0,3512.52,3512.52,1.0228,416.75,0.8333,889.27,-779.94,0.1174,0.0,1.0,1,0.126,0.126,3191.29,p10_thu_nhap_dinh_ky_duong,0.8901,0.8901,High,Cao,3434.17,164.1,2025-10:3360;2025-11:3529;2025-12:3390;2026-01:3486;2026-02:3549;2026-03:3728;2026-04:3592;2026-05:3399;2026-06:3143;2026-07:3178;2026-08:3545;2026-09:3310,2402.64,788.6500000000001,0.3282430992574835
C0000123,12,12,2025-10,2026-09,723,12,4443.16,4370.76,3935.76,4913.66,277.34,4156.37,0.0624,0.9376,0.9376,0,4493.69,4493.69,1.0114,566.77,1.0,1424.6,-779.98,0.0608,0.0,1.0,1,0.122,0.122,4156.37,p10_thu_nhap_dinh_ky_duong,0.8921,0.8921,High,Cao,4443.16,277.34,2025-10:4627;2025-11:4326;2025-12:4376;2026-01:3936;2026-02:4881;2026-03:4338;2026-04:4149;2026-05:4914;2026-06:4365;2026-07:4225;2026-08:4539;2026-09:4642,3343.85,812.52,0.2429893685422492
C0000124,12,12,2025-10,2026-09,537,12,5756.64,5669.36,5395.96,6187.62,242.67,5454.18,0.0422,0.9578,0.9578,0,5847.62,5847.62,1.0158,725.18,1.0,91.37,-3249.93,0.0641,0.0,1.0,1,0.1242,0.1242,5454.18,p10_thu_nhap_dinh_ky_duong,0.891,0.891,High,Cao,5756.64,242.67,2025-10:5691;2025-11:5599;2025-12:5576;2026-01:5641;2026-02:6021;2026-03:6188;2026-04:5897;2026-05:5948;2026-06:6036;2026-07:5648;2026-08:5441;2026-09:5396,5113.03,341.15000000000055,0.06672168948744689
C0000125,12,12,2025-10,2026-09,40,0,0.0,0.0,0.0,0.0,0.0,0.0,,0.0,0.0,12,62.0,62.0,,-62.0,0.0,-1035.65,-1035.65,,0.0,0.0,0,0.0,0.0,0.0,p10_thu_nhap_dinh_ky_duong,0.0,0.0,Low,Thấp,0.0,0.0,2025-10:0;2025-11:0;2025-12:0;2026-01:0;2026-02:0;2026-03:0;2026-04:0;2026-05:0;2026-06:0;2026-07:0;2026-08:0;2026-09:0,2817.18,2817.18,1.0
C0000126,12,12,2025-10,2026-09,654,12,9884.97,9831.79,7146.91,12449.39,2275.24,7403.45,0.2302,0.7698,0.7698,0,10145.1,10145.1,1.0263,1415.11,0.8333,-197.02,-6499.87,0.1553,0.0,1.0,2,0.1449,0.1449,7403.45,p10_thu_nhap_dinh_ky_duong,0.8812,0.8812,High,Trung bình,9884.97,2275.24,2025-10:11979;2025-11:12008;2025-12:11545;2026-01:12449;2026-02:12426;2026-03:12417;2026-04:7819;2026-05:8119;2026-06:7147;2026-07:7386;2026-08:7761;2026-09:7564,10992.27,3588.8200000000006,0.3264857941080414
C0000127,12,12,2025-10,2026-09,2067,27,3661.08,3670.0,0.0,8616.02,3165.28,3098.02,0.8646,0.1354,0.1354,4,5377.81,5377.81,1.4689,-1716.74,0.3333,97202.05,19796.27,0.9449,0.0,1.0,1,0.0,0.0,3098.02,p10_thu_nhap_dinh_ky_duong,0.95,0.95,High,Trung bình,3661.08,3165.28,2025-10:7754;2025-11:5365;2025-12:0;2026-01:3560;2026-02:8616;2026-03:0;2026-04:2021;2026-05:7916;2026-06:4920;2026-07:3780;2026-08:0;2026-09:0,2990.0,108.01999999999998,0.03612709030100334
C0000128,12,12,2025-10,2026-09,1036,12,7752.73,7639.02,7292.58,8916.05,426.86,7382.43,0.0551,0.9449,0.9449,0,7798.19,7798.19,1.0059,-45.46,0.5833,1469.97,-1949.89,0.135,0.0,1.0,1,0.0,0.0,7382.43,p10_thu_nhap_dinh_ky_duong,0.95,0.95,High,Cao,7752.73,426.86,2025-10:7380;2025-11:7697;2025-12:7402;2026-01:7716;2026-02:7935;2026-03:8916;2026-04:8199;2026-05:7524;2026-06:7828;2026-07:7293;2026-08:7563;2026-09:7581,6606.63,775.8000000000002,0.1174274932908306
C0000129,12,12,2025-09,2026-08,47,0,0.0,0.0,0.0,0.0,0.0,0.0,,0.0,0.0,12,72.5,72.5,,-72.5,0.0,-779.78,-779.78,,0.0,0.0,0,0.0,0.0,0.0,p10_thu_nhap_dinh_ky_duong,0.0,0.0,Low,Thấp,0.0,0.0,2025-09:0;2025-10:0;2025-11:0;2025-12:0;2026-01:0;2026-02:0;2026-03:0;2026-04:0;2026-05:0;2026-06:0;2026-07:0;2026-08:0,3612.99,3612.99,1.0
C0000130,12,12,2025-10,2026-09,65,0,0.0,0.0,0.0,0.0,0.0,0.0,,0.0,0.0,12,99.5,99.5,,-99.5,0.0,-1036.33,-1036.33,,0.0,0.0,0,0.0,0.0,0.0,p10_thu_nhap_dinh_ky_duong,0.0,0.0,Low,Thấp,0.0,0.0,2025-10:0;2025-11:0;2025-12:0;2026-01:0;2026-02:0;2026-03:0;2026-04:0;2026-05:0;2026-06:0;2026-07:0;2026-08:0;2026-09:0,2371.0,2371.0,1.0
C0000131,12,12,2025-10,2026-09,316,12,1359.16,1359.1,1284.04,1422.13,39.77,1316.66,0.0293,0.9707,0.9707,0,1368.83,1368.83,1.0071,-9.67,0.5833,258.75,-259.95,0.2356,0.0,1.0,1,0.0,0.0,1316.66,p10_thu_nhap_dinh_ky_duong,0.95,0.95,High,Cao,1359.16,39.77,2025-10:1331;2025-11:1284;2025-12:1393;2026-01:1403;2026-02:1315;2026-03:1366;2026-04:1335;2026-05:1383;2026-06:1353;2026-07:1422;2026-08:1329;2026-09:1397,1196.27,120.3900000000001,0.10063781587768655
C0000132,12,12,2025-10,2026-09,1524,12,10541.42,10492.2,9979.45,11465.51,391.52,10094.03,0.0371,0.9629,0.9629,0,10378.31,10378.31,0.9845,2490.34,1.0,-1597.9,-6499.99,0.0781,0.0,1.0,1,0.1808,0.1808,10094.03,p10_thu_nhap_dinh_ky_duong,0.8641,0.8641,High,Cao,10541.42,391.52,2025-10:10341;2025-11:9979;2025-12:10445;2026-01:10539;2026-02:10083;2026-03:10961;2026-04:10190;2026-05:10406;2026-06:10619;2026-07:10814;2026-08:10653;2026-09:11466,9290.24,803.7900000000009,0.08651983156516957
C0000133,12,12,2025-10,2026-09,531,12,2608.53,2629.6,2426.05,2777.7,111.89,2452.31,0.0429,0.9571,0.9571,0,2696.26,2696.26,1.0336,101.31,0.5,547.41,-779.96,0.1641,0.0,1.0,1,0.0676,0.0676,2452.31,p10_thu_nhap_dinh_ky_duong,0.9179,0.9179,High,Cao,2608.53,111.89,2025-10:2449;2025-11:2426;2025-12:2752;2026-01:2621;2026-02:2778;2026-03:2677;2026-04:2510;2026-05:2638;2026-06:2600;2026-07:2692;2026-08:2676;2026-09:2485,2292.74,159.57000000000016,0.0695979483063933
C0000134,12,12,2025-10,2026-09,578,12,2765.46,2776.26,2665.89,2840.91,48.25,2716.32,0.0174,0.9826,0.9826,0,2804.22,2804.22,1.014,172.38,0.5,812.89,-779.86,0.2465,0.0,1.0,1,0.0709,0.0709,2716.32,p10_thu_nhap_dinh_ky_duong,0.9163,0.9163,High,Cao,2765.46,48.25,2025-10:2716;2025-11:2807;2025-12:2730;2026-01:2721;2026-02:2666;2026-03:2827;2026-04:2841;2026-05:2776;2026-06:2776;2026-07:2757;2026-08:2788;2026-09:2780,2449.74,266.5800000000004,0.10881971147958576
C0000135,12,12,2025-10,2026-09,963,12,7226.14,7168.86,6378.8,8105.68,599.07,6555.5,0.0829,0.9171,0.9171,0,7423.54,7423.54,1.0273,807.33,0.75,1693.84,-1949.88,0.1611,0.0,1.0,1,0.1221,0.1221,6555.5,p10_thu_nhap_dinh_ky_duong,0.892,0.892,High,Cao,7226.14,599.07,2025-10:7017;2025-11:7600;2025-12:8106;2026-01:8015;2026-02:7399;2026-03:8086;2026-04:7321;2026-05:6379;2026-06:6687;2026-07:6575;2026-08:6553;2026-09:6976,5319.29,1236.21,0.23240131671708067
C0000136,12,12,2025-10,2026-09,587,12,2613.1,2571.63,2498.75,2941.6,129.92,2506.91,0.0497,0.9503,0.9503,0,2705.86,2705.86,1.0355,96.25,0.5833,799.65,-779.89,0.1177,0.0,1.0,1,0.0675,0.0675,2506.91,p10_thu_nhap_dinh_ky_duong,0.918,0.918,High,Cao,2613.1,129.92,2025-10:2584;2025-11:2499;2025-12:2549;2026-01:2819;2026-02:2526;2026-03:2942;2026-04:2525;2026-05:2571;2026-06:2572;2026-07:2596;2026-08:2670;2026-09:2505,2303.5,203.40999999999985,0.08830475363577159
C0000137,12,12,2025-10,2026-09,597,12,3651.87,3649.02,3167.67,4075.21,208.69,3487.69,0.0571,0.9429,0.9429,0,3720.73,3720.73,1.0189,193.82,0.6667,1150.35,-779.89,0.1326,0.0,1.0,1,0.0671,0.0671,3487.69,p10_thu_nhap_dinh_ky_duong,0.9181,0.9181,High,Cao,3651.87,208.69,2025-10:3786;2025-11:3168;2025-12:3642;2026-01:3656;2026-02:3483;2026-03:4075;2026-04:3596;2026-05:3526;2026-06:3795;2026-07:3769;2026-08:3596;2026-09:3731,3272.65,215.03999999999996,0.06570821811070537
C0000138,12,12,2025-10,2026-09,574,12,2205.08,2118.34,1968.65,2855.97,265.89,2017.88,0.1206,0.8794,0.8794,0,2286.74,2286.74,1.037,105.75,0.6667,470.54,-779.84,0.191,0.0,1.0,1,0.0783,0.0783,2017.88,p10_thu_nhap_dinh_ky_duong,0.9128,0.9128,High,Cao,2205.08,265.89,2025-10:1969;2025-11:2083;2025-12:2017;2026-01:2110;2026-02:2128;2026-03:2273;2026-04:2167;2026-05:2024;2026-06:2127;2026-07:2026;2026-08:2856;2026-09:2681,1857.32,160.56000000000017,0.08644713888829075
C0000139,2,2,2026-09,2026-10,24,1,628.49,628.49,0.0,1256.98,628.49,1256.98,1.0,0.0,0.0,1,979.6,979.6,1.5587,-351.11,0.0,286.59,-259.1,0.3074,0.0,0.0,1,0.0,0.0,1256.98,p10_thu_nhap_dinh_ky_duong,0.175,0.175,Low,Thấp,628.49,628.49,2026-09:1257;2026-10:0,1170.05,86.93000000000006,0.07429597025768135
C0000140,12,12,2025-10,2026-09,224,2,2412.42,0.0,0.0,14609.15,5394.62,14366.82,2.2362,0.0,0.0,10,3186.43,3186.43,1.3208,-273.7,0.1667,-3968.18,-6499.61,1.2095,0.0,1.0,1,0.1718,0.1718,14366.82,p10_thu_nhap_dinh_ky_duong,0.1447,0.1447,Low,Thấp,2412.42,5394.62,2025-10:14340;2025-11:14609;2025-12:0;2026-01:0;2026-02:0;2026-03:0;2026-04:0;2026-05:0;2026-06:0;2026-07:0;2026-08:0;2026-09:0,12139.55,2227.2700000000004,0.1834722044886343
C0000141,12,12,2025-10,2026-09,440,12,1757.43,1756.14,1624.96,1902.86,77.56,1682.49,0.0441,0.9559,0.9559,0,1769.73,1769.73,1.007,-12.3,0.5,456.35,-260.0,0.1905,0.0,1.0,1,0.0,0.0,1682.49,p10_thu_nhap_dinh_ky_duong,0.95,0.95,High,Cao,1757.43,77.56,2025-10:1625;2025-11:1686;2025-12:1772;2026-01:1903;2026-02:1693;2026-03:1849;2026-04:1740;2026-05:1682;2026-06:1782;2026-07:1813;2026-08:1719;2026-09:1825,1546.97,135.51999999999998,0.08760350879461139
C0000142,12,12,2025-10,2026-09,542,12,2384.0,2387.23,2306.05,2505.52,56.07,2314.16,0.0235,0.9765,0.9765,0,2489.72,2489.72,1.0443,-105.72,0.4167,778.17,-259.99,0.2748,0.0,1.0,1,0.0,0.0,2314.16,p10_thu_nhap_dinh_ky_duong,0.95,0.95,High,Cao,2384.0,56.07,2025-10:2390;2025-11:2344;2025-12:2433;2026-01:2352;2026-02:2330;2026-03:2432;2026-04:2385;2026-05:2400;2026-06:2506;2026-07:2419;2026-08:2306;2026-09:2312,1844.36,469.79999999999995,0.2547225053677156
C0000143,12,12,2025-10,2026-09,774,12,3399.98,3354.58,3213.16,3751.81,157.93,3221.26,0.0465,0.9535,0.9535,0,3503.92,3503.92,1.0306,205.8,0.5,87.54,-1949.98,0.1252,0.0,1.0,1,0.0835,0.0835,3221.26,p10_thu_nhap_dinh_ky_duong,0.9103,0.9103,High,Cao,3399.98,157.93,2025-10:3218;2025-11:3213;2025-12:3250;2026-01:3317;2026-02:3444;2026-03:3752;2026-04:3333;2026-05:3504;2026-06:3473;2026-07:3614;2026-08:3376;2026-09:3306,2986.53,234.73000000000002,0.07859623040786465
C0000144,12,12,2025-10,2026-09,628,13,4869.96,4197.82,3890.6,12360.04,2267.62,3964.68,0.4656,0.5344,0.5344,0,5965.12,5965.12,1.2249,-1095.17,0.4167,2381.01,-1949.75,0.5289,0.0,0.8659,2,0.0,0.0,3964.68,p10_thu_nhap_dinh_ky_duong,0.95,0.95,High,Trung bình,4869.96,2267.62,2025-10:12360;2025-11:3891;2025-12:3976;2026-01:4232;2026-02:4616;2026-03:4343;2026-04:4471;2026-05:4255;2026-06:4036;2026-07:3963;2026-08:4134;2026-09:4163,5573.1,1608.4200000000005,0.288604187974377
C0000145,12,12,2025-10,2026-09,478,12,3143.46,2734.19,2609.89,4014.32,567.85,2631.65,0.1806,0.8194,0.8194,0,3328.25,3328.25,1.0588,-69.15,0.5833,609.18,-779.98,0.2037,0.0,1.0,1,0.0355,0.0355,2631.65,p10_thu_nhap_dinh_ky_duong,0.9331,0.9331,High,Cao,3143.46,567.85,2025-10:3751;2025-11:3646;2025-12:3996;2026-01:4014;2026-02:3596;2026-03:2730;2026-04:2688;2026-05:2630;2026-06:2672;2026-07:2738;2026-08:2610;2026-09:2650,3373.41,741.7599999999998,0.21988433069208896
C0000146,12,12,2025-10,2026-09,738,12,7083.29,7116.33,6780.3,7574.21,237.84,6806.96,0.0336,0.9664,0.9664,0,7085.75,7085.75,1.0003,904.49,0.8333,707.97,-3249.96,0.1261,0.0,1.0,1,0.1135,0.1135,6806.96,p10_thu_nhap_dinh_ky_duong,0.8961,0.8961,High,Cao,7083.29,237.84,2025-10:7108;2025-11:7262;2025-12:7262;2026-01:7187;2026-02:6866;2026-03:6915;2026-04:6806;2026-05:7125;2026-06:7574;2026-07:7297;2026-08:6817;2026-09:6780,6306.13,500.8299999999999,0.07941954891510322
C0000147,12,12,2025-10,2026-09,621,12,4985.09,4964.46,4723.93,5454.9,214.27,4770.02,0.043,0.957,0.957,0,5206.49,5206.49,1.0444,467.39,0.8333,-511.96,-3249.98,0.0908,0.0,1.0,1,0.1214,0.1214,4770.02,p10_thu_nhap_dinh_ky_duong,0.8923,0.8923,High,Cao,4985.09,214.27,2025-10:5140;2025-11:4724;2025-12:5027;2026-01:4784;2026-02:4769;2026-03:5455;2026-04:4844;2026-05:4902;2026-06:5220;2026-07:4779;2026-08:5129;2026-09:5048,4428.63,341.3900000000003,0.0770870449777923
C0000148,12,12,2025-10,2026-09,1119,12,8492.59,8512.81,7780.07,9095.27,358.29,8054.08,0.0422,0.9578,0.9578,0,8533.06,8533.06,1.0048,-40.47,0.5,480.59,-3249.82,0.0793,0.0,1.0,1,0.0,0.0,8054.08,p10_thu_nhap_dinh_ky_duong,0.95,0.95,High,Cao,8492.59,358.29,2025-10:8525;2025-11:8028;2025-12:9045;2026-01:8501;2026-02:8628;2026-03:9095;2026-04:8457;2026-05:8289;2026-06:8288;2026-07:7780;2026-08:8674;2026-09:8600,7343.76,710.3199999999997,0.09672429382223816
C0000149,12,12,2025-10,2026-09,790,12,2616.52,2610.15,2495.67,2816.97,102.88,2506.24,0.0393,0.9607,0.9607,0,2633.47,2633.47,1.0065,-16.95,0.5833,-1152.18,-2450.95,0.0881,0.0,1.0,1,0.0,0.0,2506.24,p10_thu_nhap_dinh_ky_duong,0.95,0.95,High,Cao,2616.52,102.88,2025-10:2602;2025-11:2547;2025-12:2530;2026-01:2618;2026-02:2648;2026-03:2798;2026-04:2817;2026-05:2505;2026-06:2496;2026-07:2520;2026-08:2673;2026-09:2644,2356.69,149.54999999999973,0.06345764610534255
C0000150,12,12,2025-10,2026-09,1453,38,15285.15,12828.8,0.0,30862.38,9338.22,7101.56,0.6109,0.3891,0.3891,1,15893.54,15893.54,1.0398,-608.39,0.4167,6355.7,-1949.42,0.5096,0.0,1.0,1,0.0,0.0,7101.56,p10_thu_nhap_dinh_ky_duong,0.95,0.95,High,Trung bình,15285.15,9338.22,2025-10:7102;2025-11:8225;2025-12:29185;2026-01:18062;2026-02:27265;2026-03:13525;2026-04:12132;2026-05:30862;2026-06:6743;2026-07:11780;2026-08:0;2026-09:18540,6080.42,1021.1400000000003,0.16793905684146823
C0000151,12,12,2025-10,2026-09,72,0,0.0,0.0,0.0,0.0,0.0,0.0,,0.0,0.0,12,110.0,110.0,,-110.0,0.0,-778.68,-778.68,,0.0,0.0,0,0.0,0.0,0.0,p10_thu_nhap_dinh_ky_duong,0.0,0.0,Low,Thấp,0.0,0.0,2025-10:0;2025-11:0;2025-12:0;2026-01:0;2026-02:0;2026-03:0;2026-04:0;2026-05:0;2026-06:0;2026-07:0;2026-08:0;2026-09:0,2829.1,2829.1,1.0
C0000152,12,12,2025-10,2026-09,1600,12,14443.8,14528.12,13138.05,15269.71,579.39,13943.96,0.0401,0.9599,0.9599,0,12787.64,12787.64,0.8853,1656.16,0.9167,165862.63,119593.6,0.1077,0.0,1.0,1,0.0,0.0,13943.96,p10_thu_nhap_dinh_ky_duong,0.95,0.95,High,Cao,14443.8,579.39,2025-10:13138;2025-11:14849;2025-12:14860;2026-01:14084;2026-02:15160;2026-03:15270;2026-04:14798;2026-05:14563;2026-06:14142;2026-07:14034;2026-08:14493;2026-09:13934,16286.04,2342.0800000000017,0.14380905364348864
C0000153,12,12,2025-10,2026-09,333,12,896.57,883.69,834.59,967.52,42.11,855.81,0.047,0.953,0.953,0,1020.62,1020.62,1.1384,-124.06,0.4167,47.93,-260.0,0.3552,0.0,1.0,1,0.0,0.0,855.81,p10_thu_nhap_dinh_ky_duong,0.95,0.95,High,Cao,896.57,42.11,2025-10:856;2025-11:880;2025-12:968;2026-01:947;2026-02:835;2026-03:887;2026-04:917;2026-05:867;2026-06:964;2026-07:878;2026-08:905;2026-09:857,795.18,60.629999999999995,0.07624688749717046
C0000154,12,12,2025-10,2026-09,791,12,4975.14,5061.76,4461.49,5375.37,262.6,4660.95,0.0528,0.9472,0.9472,0,5028.14,5028.14,1.0107,-53.0,0.3333,-1311.2,-3249.98,0.0854,0.0,1.0,1,0.0,0.0,4660.95,p10_thu_nhap_dinh_ky_duong,0.95,0.95,High,Cao,4975.14,262.6,2025-10:4461;2025-11:4743;2025-12:4962;2026-01:5277;2026-02:5112;2026-03:5375;2026-04:5122;2026-05:5112;2026-06:5012;2026-07:4721;2026-08:4654;2026-09:5151,4462.18,198.76999999999953,0.04454549121729726
C0000155,12,12,2025-10,2026-09,311,12,1400.7,1390.26,1329.85,1507.23,49.23,1351.9,0.0351,0.9649,0.9649,0,1509.26,1509.26,1.0775,-108.55,0.4167,222.05,-259.98,0.3518,0.0,1.0,1,0.0,0.0,1351.9,p10_thu_nhap_dinh_ky_duong,0.95,0.95,High,Cao,1400.7,49.23,2025-10:1413;2025-11:1396;2025-12:1330;2026-01:1350;2026-02:1386;2026-03:1367;2026-04:1394;2026-05:1386;2026-06:1409;2026-07:1507;2026-08:1490;2026-09:1380,1266.2,85.70000000000005,0.06768283051650612
C0000156,12,12,2025-10,2026-09,352,12,1286.32,1293.88,1198.47,1440.06,59.42,1217.23,0.0462,0.9538,0.9538,0,1319.38,1319.38,1.0257,-14.62,0.4167,496.9,-259.92,0.2202,0.0,1.0,1,0.0141,0.0141,1217.23,p10_thu_nhap_dinh_ky_duong,0.9433,0.9433,High,Cao,1286.32,59.42,2025-10:1234;2025-11:1215;2025-12:1310;2026-01:1304;2026-02:1295;2026-03:1440;2026-04:1302;2026-05:1198;2026-06:1252;2026-07:1314;2026-08:1277;2026-09:1292,1144.18,73.04999999999995,0.06384484958660347
C0000157,6,6,2026-04,2026-09,530,6,8948.04,8966.78,8782.23,9097.37,126.65,8797.86,0.0142,0.9858,0.9858,0,11859.2,11859.2,1.3253,-2911.15,0.1667,3883.39,-3249.9,0.3159,0.0,1.0,1,0.0,0.0,8797.86,p10_thu_nhap_dinh_ky_duong,0.95,0.95,High,Cao,8948.04,126.65,2026-04:9097;2026-05:8782;2026-06:9053;2026-07:8814;2026-08:9062;2026-09:8881,7741.29,1056.5700000000006,0.13648500443724504
C0000158,3,3,2026-08,2026-10,206,2,4446.86,6596.55,0.0,6744.02,3144.98,6611.3,0.7072,0.2928,0.2928,1,5658.41,5658.41,1.2725,-1211.56,0.3333,3691.88,-484.8,0.4305,0.0,1.0,1,0.0,0.0,6611.3,p10_thu_nhap_dinh_ky_duong,0.4333,0.4333,Low,Thấp,4446.86,3144.98,2026-08:6744;2026-09:6597;2026-10:0,5893.86,717.4400000000005,0.12172667827196447
C0000159,12,12,2025-10,2026-09,224,5,550.54,0.0,0.0,1425.23,653.26,1240.34,1.1866,0.0,0.0,7,652.5,652.5,1.1852,-59.78,0.3333,-710.98,-1039.98,0.5395,0.0,1.0,1,0.0712,0.0712,1240.34,p10_thu_nhap_dinh_ky_duong,0.3817,0.3817,Low,Thấp,550.54,653.26,2025-10:1255;2025-11:1302;2025-12:1425;2026-01:1394;2026-02:1231;2026-03:0;2026-04:0;2026-05:0;2026-06:0;2026-07:0;2026-08:0;2026-09:0,1171.35,68.99000000000001,0.05889785290476802
C0000160,12,12,2025-10,2026-09,947,12,3921.04,3849.06,3670.66,4664.45,247.21,3755.44,0.063,0.937,0.937,0,4057.42,4057.42,1.0348,771.49,0.9167,-893.38,-3109.55,0.0863,0.0,1.0,1,0.188,0.188,3755.44,p10_thu_nhap_dinh_ky_duong,0.8607,0.8607,High,Cao,3921.04,247.21,2025-10:3818;2025-11:3810;2025-12:4664;2026-01:4013;2026-02:3880;2026-03:4044;2026-04:3952;2026-05:3755;2026-06:3884;2026-07:3805;2026-08:3671;2026-09:3758,2990.0,765.44,0.256
C0000161,12,12,2025-10,2026-09,303,12,1026.93,1015.94,981.46,1105.65,43.51,981.71,0.0424,0.9576,0.9576,0,1049.8,1049.8,1.0223,-22.87,0.5833,110.64,-259.82,0.3952,0.0,1.0,1,0.0,0.0,981.71,p10_thu_nhap_dinh_ky_duong,0.95,0.95,High,Cao,1026.93,43.51,2025-10:988;2025-11:981;2025-12:1016;2026-01:1106;2026-02:1041;2026-03:1096;2026-04:1043;2026-05:1076;2026-06:1016;2026-07:983;2026-08:982;2026-09:994,894.71,87.0,0.09723821126398498
C0000162,12,12,2025-10,2026-09,258,12,1037.66,1043.9,971.64,1102.9,39.99,982.54,0.0385,0.9615,0.9615,0,1036.37,1036.37,0.9988,1.29,0.5,193.83,-259.95,0.3146,0.0,1.0,1,0.0,0.0,982.54,p10_thu_nhap_dinh_ky_duong,0.95,0.95,High,Cao,1037.66,39.99,2025-10:1024;2025-11:988;2025-12:1041;2026-01:1047;2026-02:1103;2026-03:1064;2026-04:1086;2026-05:1020;2026-06:1069;2026-07:982;2026-08:972;2026-09:1057,923.3,59.24000000000001,0.0641611610527456
C0000163,12,12,2025-10,2026-09,930,12,17419.65,17356.78,16052.74,19426.92,744.83,16865.79,0.0428,0.9572,0.9572,0,17684.05,17684.05,1.0152,3245.89,1.0,3913.23,-6499.99,0.0723,0.0,1.0,1,0.1677,0.1677,16865.79,p10_thu_nhap_dinh_ky_duong,0.8703,0.8703,High,Cao,17419.65,744.83,2025-10:17287;2025-11:17430;2025-12:19427;2026-01:16053;2026-02:17222;2026-03:17464;2026-04:16842;2026-05:17824;2026-06:17078;2026-07:17313;2026-08:17694;2026-09:17401,15586.41,1279.380000000001,0.08208304542226215
C0000164,12,12,2025-10,2026-09,48,0,0.0,0.0,0.0,0.0,0.0,0.0,,0.0,0.0,12,74.0,74.0,,-74.0,0.0,-1036.28,-1036.28,,0.0,0.0,0,0.0,0.0,0.0,p10_thu_nhap_dinh_ky_duong,0.0,0.0,Low,Thấp,0.0,0.0,2025-10:0;2025-11:0;2025-12:0;2026-01:0;2026-02:0;2026-03:0;2026-04:0;2026-05:0;2026-06:0;2026-07:0;2026-08:0;2026-09:0,2351.34,2351.34,1.0
C0000165,12,12,2025-10,2026-09,1629,12,8095.3,8078.9,7592.63,8590.43,286.95,7834.92,0.0354,0.9646,0.9646,0,8689.04,8689.04,1.0733,944.52,0.8333,1587.23,-6499.81,0.1065,0.0,1.0,1,0.1597,0.1597,7834.92,p10_thu_nhap_dinh_ky_duong,0.8742,0.8742,High,Cao,8095.3,286.95,2025-10:7882;2025-11:7593;2025-12:7919;2026-01:7918;2026-02:8564;2026-03:8590;2026-04:8090;2026-05:7830;2026-06:8170;2026-07:8386;2026-08:8068;2026-09:8135,7210.88,624.04,0.08654144847785568
C0000166,12,12,2025-10,2026-09,617,12,6218.83,6190.52,5695.37,6903.78,288.25,5894.32,0.0464,0.9536,0.9536,0,6332.74,6332.74,1.0183,479.37,0.8333,1579.87,-1949.96,0.0807,0.0,1.0,1,0.0871,0.0871,5894.32,p10_thu_nhap_dinh_ky_duong,0.9086,0.9086,High,Cao,6218.83,288.25,2025-10:6301;2025-11:6130;2025-12:6904;2026-01:6214;2026-02:5873;2026-03:6401;2026-04:6142;2026-05:5695;2026-06:6086;2026-07:6462;2026-08:6250;2026-09:6167,5544.99,349.3299999999999,0.06299921190119367
C0000167,12,12,2025-10,2026-09,280,12,1125.55,1121.82,1059.38,1237.9,47.44,1063.44,0.0422,0.9578,0.9578,0,1139.35,1139.35,1.0123,-13.8,0.5,122.29,-259.95,0.3218,0.0,1.0,1,0.0,0.0,1063.44,p10_thu_nhap_dinh_ky_duong,0.95,0.95,High,Cao,1125.55,47.44,2025-10:1059;2025-11:1088;2025-12:1154;2026-01:1116;2026-02:1143;2026-03:1238;2026-04:1061;2026-05:1099;2026-06:1108;2026-07:1166;2026-08:1147;2026-09:1128,980.96,82.48000000000002,0.08408090034252162
C0000168,12,12,2025-10,2026-09,736,12,2306.7,2320.18,2123.16,2446.49,94.34,2153.29,0.0409,0.9591,0.9591,0,2397.21,2397.21,1.0392,479.83,0.8333,-582.23,-2152.78,0.1926,0.0,1.0,1,0.1982,0.1982,2153.29,p10_thu_nhap_dinh_ky_duong,0.8558,0.8558,High,Cao,2306.7,94.34,2025-10:2357;2025-11:2342;2025-12:2270;2026-01:2428;2026-02:2446;2026-03:2319;2026-04:2362;2026-05:2249;2026-06:2320;2026-07:2320;2026-08:2143;2026-09:2123,2070.0,83.28999999999996,0.04023671497584539
C0000169,12,12,2025-10,2026-09,679,12,3160.73,3123.9,2953.11,3480.04,164.99,2973.45,0.0522,0.9478,0.9478,0,3263.0,3263.0,1.0324,213.44,0.75,-172.56,-1949.93,0.1356,0.0,1.0,1,0.0908,0.0908,2973.45,p10_thu_nhap_dinh_ky_duong,0.9069,0.9069,High,Cao,3160.73,164.99,2025-10:3040;2025-11:2968;2025-12:3022;2026-01:3460;2026-02:3217;2026-03:3244;2026-04:3207;2026-05:3480;2026-06:3103;2026-07:3090;2026-08:2953;2026-09:3145,2790.01,183.4399999999996,0.06574886828362607
C0000170,12,12,2025-10,2026-09,548,12,2512.32,2538.38,2341.27,2672.9,101.17,2383.42,0.0403,0.9597,0.9597,0,2615.04,2615.04,1.0409,92.77,0.4167,823.14,-259.98,0.245,0.0,1.0,1,0.0722,0.0722,2383.42,p10_thu_nhap_dinh_ky_duong,0.9157,0.9157,High,Cao,2512.32,101.17,2025-10:2435;2025-11:2393;2025-12:2572;2026-01:2382;2026-02:2673;2026-03:2558;2026-04:2624;2026-05:2483;2026-06:2608;2026-07:2561;2026-08:2519;2026-09:2341,1195.51,1187.91,0.9936428804443292
C0000171,12,12,2025-10,2026-09,286,12,956.06,953.95,875.19,1025.2,38.65,924.9,0.0404,0.9596,0.9596,0,1006.23,1006.23,1.0525,-34.87,0.5833,254.04,-259.83,0.3238,0.0,1.0,1,0.0158,0.0158,924.9,p10_thu_nhap_dinh_ky_duong,0.9425,0.9425,High,Cao,956.06,38.65,2025-10:938;2025-11:875;2025-12:962;2026-01:952;2026-02:930;2026-03:1025;2026-04:974;2026-05:1019;2026-06:948;2026-07:968;2026-08:956;2026-09:924,857.24,67.65999999999997,0.0789277215248938
C0000172,12,12,2025-10,2026-09,492,12,3563.75,3538.82,3351.94,3793.12,133.51,3431.48,0.0375,0.9625,0.9625,0,3543.77,3543.77,0.9944,264.69,0.75,676.04,-1039.72,0.2042,0.0,1.0,1,0.0643,0.0643,3431.48,p10_thu_nhap_dinh_ky_duong,0.9195,0.9195,High,Cao,3563.75,133.51,2025-10:3712;2025-11:3560;2025-12:3793;2026-01:3651;2026-02:3762;2026-03:3518;2026-04:3481;2026-05:3437;2026-06:3352;2026-07:3574;2026-08:3431;2026-09:3495,3175.75,255.73000000000002,0.08052586003306306
C0000173,12,12,2025-10,2026-09,429,12,4281.97,4235.63,4058.02,4768.16,175.71,4148.55,0.041,0.959,0.959,0,4437.08,4437.08,1.0362,-155.11,0.5833,-1611.8,-3249.75,0.2066,0.0,1.0,1,0.0,0.0,4148.55,p10_thu_nhap_dinh_ky_duong,0.95,0.95,High,Cao,4281.97,175.71,2025-10:4165;2025-11:4212;2025-12:4380;2026-01:4768;2026-02:4200;2026-03:4058;2026-04:4333;2026-05:4267;2026-06:4181;2026-07:4414;2026-08:4147;2026-09:4259,6116.13,1967.58,0.32170343011021674
C0000174,12,12,2025-10,2026-09,550,12,2588.97,2597.28,2397.87,2760.06,109.54,2438.06,0.0423,0.9577,0.9577,0,2646.25,2646.25,1.0221,-57.28,0.5,673.25,-259.89,0.1793,0.0,1.0,1,0.0,0.0,2438.06,p10_thu_nhap_dinh_ky_duong,0.95,0.95,High,Cao,2588.97,109.54,2025-10:2558;2025-11:2540;2025-12:2435;2026-01:2580;2026-02:2695;2026-03:2760;2026-04:2657;2026-05:2398;2026-06:2716;2026-07:2467;2026-08:2615;2026-09:2649,880.85,1557.21,1.7678492365328944
C0000175,12,12,2025-10,2026-09,313,12,730.85,729.38,688.29,762.23,19.03,714.02,0.026,0.974,0.974,0,809.76,809.76,1.108,-67.53,0.25,205.68,-259.94,0.3169,0.0,1.0,1,0.0153,0.0153,714.02,p10_thu_nhap_dinh_ky_duong,0.9427,0.9427,High,Cao,730.85,19.03,2025-10:762;2025-11:688;2025-12:731;2026-01:725;2026-02:728;2026-03:757;2026-04:713;2026-05:733;2026-06:731;2026-07:724;2026-08:752;2026-09:727,639.88,74.13999999999999,0.11586547477652058
C0000176,12,12,2025-10,2026-09,1174,12,13214.4,13213.36,12106.27,14565.0,680.44,12342.54,0.0515,0.9485,0.9485,0,13383.43,13383.43,1.0128,2583.09,1.0,-271.47,-6499.7,0.0868,0.0,1.0,1,0.1724,0.1724,12342.54,p10_thu_nhap_dinh_ky_duong,0.8681,0.8681,High,Cao,13214.4,680.44,2025-10:12306;2025-11:12807;2025-12:13341;2026-01:13431;2026-02:13285;2026-03:13988;2026-04:13142;2026-05:14565;2026-06:13008;2026-07:13923;2026-08:12670;2026-09:12106,11618.54,724.0,0.06231419782520006
C0000177,12,12,2025-10,2026-09,676,12,6256.34,6226.92,5836.23,7157.54,323.45,5960.37,0.0517,0.9483,0.9483,0,6259.57,6259.57,1.0005,493.24,0.75,-1406.21,-6499.46,0.1306,0.0,1.0,1,0.0735,0.0735,5960.37,p10_thu_nhap_dinh_ky_duong,0.9151,0.9151,High,Cao,6256.34,323.45,2025-10:6104;2025-11:5836;2025-12:6536;2026-01:6278;2026-02:6285;2026-03:7158;2026-04:6199;2026-05:5999;2026-06:6195;2026-07:6276;2026-08:6255;2026-09:5956,8376.23,2415.8599999999997,0.28841853674027573
C0000178,12,12,2025-09,2026-08,24,0,0.0,0.0,0.0,0.0,0.0,0.0,,0.0,0.0,12,38.0,38.0,,-38.0,0.0,-1030.23,-1030.23,,0.0,0.0,0,0.0,0.0,0.0,p10_thu_nhap_dinh_ky_duong,0.0,0.0,Low,Thấp,0.0,0.0,2025-09:0;2025-10:0;2025-11:0;2025-12:0;2026-01:0;2026-02:0;2026-03:0;2026-04:0;2026-05:0;2026-06:0;2026-07:0;2026-08:0,1734.19,1734.19,1.0
C0000179,12,12,2025-10,2026-09,589,12,3003.6,2977.22,2834.45,3217.34,112.0,2904.23,0.0373,0.9627,0.9627,0,3099.63,3099.63,1.032,-96.04,0.5833,612.45,-779.96,0.1581,0.0,1.0,1,0.0,0.0,2904.23,p10_thu_nhap_dinh_ky_duong,0.95,0.95,High,Cao,3003.6,112.0,2025-10:2919;2025-11:2999;2025-12:3217;2026-01:3108;2026-02:2932;2026-03:3172;2026-04:2983;2026-05:2834;2026-06:2921;2026-07:2903;2026-08:2971;2026-09:3083,2662.25,241.98000000000002,0.09089304160015026
C0000180,12,12,2025-10,2026-09,672,12,2407.19,2395.78,2160.02,2576.89,107.02,2318.8,0.0445,0.9555,0.9555,0,2459.67,2459.67,1.0218,550.3,0.8333,-550.8,-2153.79,0.182,0.0,1.0,1,0.2003,0.2003,2318.8,p10_thu_nhap_dinh_ky_duong,0.8549,0.8549,High,Cao,2407.19,107.02,2025-10:2359;2025-11:2315;2025-12:2362;2026-01:2160;2026-02:2479;2026-03:2495;2026-04:2351;2026-05:2498;2026-06:2365;2026-07:2498;2026-08:2577;2026-09:2427,2070.95,247.85000000000036,0.11967937420024645
C0000181,12,12,2025-10,2026-09,2020,26,7767.38,8055.44,0.0,15039.12,3879.56,5512.91,0.4995,0.5005,0.5005,1,11469.96,11469.96,1.4767,-3702.58,0.1667,19492.85,-4549.85,0.5608,0.0,1.0,1,0.0,0.0,5512.91,p10_thu_nhap_dinh_ky_duong,0.95,0.95,High,Trung bình,7767.38,3879.56,2025-10:15039;2025-11:1838;2025-12:7905;2026-01:11411;2026-02:10829;2026-03:5513;2026-04:9591;2026-05:0;2026-06:8206;2026-07:7388;2026-08:8390;2026-09:7101,5590.51,77.60000000000036,0.013880665628001804
C0000182,12,12,2025-10,2026-09,126,4,201.04,0.0,0.0,630.06,284.72,572.86,1.4163,0.0,0.0,8,264.84,264.84,1.3174,-63.8,0.1667,-173.68,-259.99,0.7734,0.0,1.0,1,0.0,0.0,572.86,p10_thu_nhap_dinh_ky_duong,0.3167,0.3167,Low,Thấp,201.04,284.72,2025-10:600;2025-11:561;2025-12:621;2026-01:630;2026-02:0;2026-03:0;2026-04:0;2026-05:0;2026-06:0;2026-07:0;2026-08:0;2026-09:0,521.19,51.66999999999996,0.09913850994838726
C0000183,12,12,2025-10,2026-09,312,12,1171.73,1142.39,1119.57,1244.54,49.07,1121.72,0.0419,0.9581,0.9581,0,1223.41,1223.41,1.0441,-33.32,0.5,465.98,-259.85,0.2862,0.0,1.0,1,0.0154,0.0154,1121.72,p10_thu_nhap_dinh_ky_duong,0.9427,0.9427,High,Cao,1171.73,49.07,2025-10:1122;2025-11:1140;2025-12:1239;2026-01:1122;2026-02:1226;2026-03:1189;2026-04:1245;2026-05:1120;2026-06:1138;2026-07:1139;2026-08:1144;2026-09:1236,1017.21,104.50999999999999,0.10274181339153172
C0000184,12,12,2025-10,2026-09,249,12,1029.73,1027.62,910.7,1138.02,63.0,951.03,0.0612,0.9388,0.9388,0,1048.49,1048.49,1.0182,-18.75,0.5,139.74,-259.92,0.3568,0.0,1.0,1,0.0,0.0,951.03,p10_thu_nhap_dinh_ky_duong,0.95,0.95,High,Cao,1029.73,63.0,2025-10:911;2025-11:1077;2025-12:1009;2026-01:1101;2026-02:1008;2026-03:1094;2026-04:1029;2026-05:1027;2026-06:1138;2026-07:1037;2026-08:948;2026-09:979,929.43,21.600000000000023,0.023240050353442458
C0000185,12,12,2025-10,2026-09,596,12,3022.42,2986.85,2841.96,3274.6,126.85,2904.69,0.042,0.958,0.958,0,3088.48,3088.48,1.0219,180.21,0.75,883.57,-779.96,0.1069,0.0,1.0,1,0.0753,0.0753,2904.69,p10_thu_nhap_dinh_ky_duong,0.9142,0.9142,High,Cao,3022.42,126.85,2025-10:2901;2025-11:3104;2025-12:3071;2026-01:2935;2026-02:2938;2026-03:3275;2026-04:2984;2026-05:2990;2026-06:2950;2026-07:3031;2026-08:3248;2026-09:2842,2678.69,226.0,0.08436959857243652
C0000186,12,12,2025-10,2026-09,283,12,631.58,636.06,585.65,662.19,25.42,599.61,0.0403,0.9597,0.9597,0,691.96,691.96,1.0956,-59.84,0.3333,-21.83,-259.95,0.3213,0.0,1.0,1,0.0009,0.0009,599.61,p10_thu_nhap_dinh_ky_duong,0.9496,0.9496,High,Cao,631.58,25.42,2025-10:612;2025-11:607;2025-12:661;2026-01:622;2026-02:660;2026-03:662;2026-04:586;2026-05:657;2026-06:641;2026-07:631;2026-08:641;2026-09:599,561.32,38.289999999999964,0.06821420936364277
C0000187,12,12,2025-10,2026-09,249,1,673.93,0.0,0.0,8087.2,2235.18,8087.2,3.3166,0.0,0.0,11,1320.27,1320.27,1.9591,-469.13,0.0833,-5924.11,-6499.85,2.5015,0.0,0.0,1,0.2082,0.2082,8087.2,p10_thu_nhap_dinh_ky_duong,0.0709,0.0709,Low,Thấp,673.93,2235.18,2025-10:8087;2025-11:0;2025-12:0;2026-01:0;2026-02:0;2026-03:0;2026-04:0;2026-05:0;2026-06:0;2026-07:0;2026-08:0;2026-09:0,7021.51,1065.6899999999996,0.15177504553863763
C0000188,12,12,2025-10,2026-09,647,12,4034.78,4033.96,3868.49,4347.52,131.78,3887.78,0.0327,0.9673,0.9673,0,4160.76,4160.76,1.0312,189.88,0.6667,975.64,-780.0,0.1983,0.0,1.0,1,0.0726,0.0726,3887.78,p10_thu_nhap_dinh_ky_duong,0.9155,0.9155,High,Cao,4034.78,131.78,2025-10:4023;2025-11:3868;2025-12:4104;2026-01:3900;2026-02:4045;2026-03:4348;2026-04:4006;2026-05:4165;2026-06:4080;2026-07:4083;2026-08:3886;2026-09:3910,3612.6,275.1800000000003,0.07617228588828
C0000189,12,12,2025-09,2026-08,49,0,0.0,0.0,0.0,0.0,0.0,0.0,,0.0,0.0,12,75.5,75.5,,-75.5,0.0,-1031.15,-1031.15,,0.0,0.0,0,0.0,0.0,0.0,p10_thu_nhap_dinh_ky_duong,0.0,0.0,Low,Thấp,0.0,0.0,2025-09:0;2025-10:0;2025-11:0;2025-12:0;2026-01:0;2026-02:0;2026-03:0;2026-04:0;2026-05:0;2026-06:0;2026-07:0;2026-08:0,2107.72,2107.72,1.0
C0000190,12,12,2025-10,2026-09,421,12,990.68,988.9,933.36,1042.31,35.17,953.57,0.0355,0.9645,0.9645,0,1003.34,1003.34,1.0128,55.33,0.5,-267.64,-908.88,0.1783,0.0,1.0,1,0.0642,0.0642,953.57,p10_thu_nhap_dinh_ky_duong,0.9195,0.9195,High,Cao,990.68,35.17,2025-10:974;2025-11:953;2025-12:933;2026-01:1029;2026-02:1005;2026-03:960;2026-04:956;2026-05:1001;2026-06:1021;2026-07:977;2026-08:1037;2026-09:1042,874.0,79.57000000000005,0.09104118993135017
C0000191,12,12,2025-10,2026-09,362,12,1954.81,1955.38,1831.8,2111.58,69.57,1895.13,0.0356,0.9644,0.9644,0,2098.64,2098.64,1.0736,-143.83,0.25,-28.87,-779.91,0.2202,0.0,1.0,1,0.0,0.0,1895.13,p10_thu_nhap_dinh_ky_duong,0.95,0.95,High,Cao,1954.81,69.57,2025-10:1901;2025-11:1996;2025-12:1971;2026-01:1895;2026-02:1977;2026-03:2112;2026-04:1832;2026-05:1943;2026-06:1910;2026-07:1967;2026-08:1922;2026-09:2032,2972.87,1077.7399999999998,0.3625251020058058
C0000192,3,3,2026-08,2026-10,220,2,10523.4,14890.14,0.0,16680.07,7476.96,15069.13,0.7105,0.2895,0.2895,1,8043.64,8043.64,0.7644,2479.77,0.3333,22100.37,12353.0,0.5895,0.0,1.0,1,0.0,0.0,15069.13,p10_thu_nhap_dinh_ky_duong,0.4333,0.4333,Low,Thấp,10523.4,7476.96,2026-08:16680;2026-09:14890;2026-10:0,14280.22,788.9099999999999,0.05524494720669569
C0000193,12,12,2025-10,2026-09,1335,12,6705.62,6737.34,6315.47,7004.67,203.29,6492.59,0.0303,0.9697,0.9697,0,6735.02,6735.02,1.0044,1401.4,1.0,-1590.64,-4549.99,0.0617,0.0,1.0,1,0.1759,0.1759,6492.59,p10_thu_nhap_dinh_ky_duong,0.8665,0.8665,High,Cao,6705.62,203.29,2025-10:6671;2025-11:6491;2025-12:6772;2026-01:6508;2026-02:6520;2026-03:6827;2026-04:6933;2026-05:6951;2026-06:7005;2026-07:6725;2026-08:6750;2026-09:6315,5368.57,1124.0200000000004,0.20937046550571203
C0000194,12,12,2025-10,2026-09,1179,12,8222.14,8148.93,7783.25,8910.46,296.31,7954.26,0.036,0.964,0.964,0,8211.09,8211.09,0.9987,1777.93,1.0,-2093.47,-6500.0,0.0688,0.0,1.0,1,0.1769,0.1769,7954.26,p10_thu_nhap_dinh_ky_duong,0.866,0.866,High,Cao,8222.14,296.31,2025-10:7783;2025-11:8372;2025-12:8910;2026-01:8145;2026-02:8335;2026-03:8140;2026-04:7961;2026-05:7953;2026-06:8070;2026-07:8207;2026-08:8153;2026-09:8636,7436.0,518.2600000000002,0.06969607315761164
C0000195,12,12,2025-10,2026-09,455,12,2241.56,2227.28,2076.73,2428.23,97.15,2111.19,0.0433,0.9567,0.9567,0,2269.17,2269.17,1.0123,147.47,0.75,206.66,-1039.57,0.0934,0.0,1.0,1,0.0724,0.0724,2111.19,p10_thu_nhap_dinh_ky_duong,0.9156,0.9156,High,Cao,2241.56,97.15,2025-10:2167;2025-11:2105;2025-12:2273;2026-01:2209;2026-02:2214;2026-03:2428;2026-04:2309;2026-05:2240;2026-06:2363;2026-07:2210;2026-08:2304;2026-09:2077,1984.06,127.13000000000011,0.06407568319506472
C0000196,12,12,2025-10,2026-09,475,12,2153.0,2172.49,1959.59,2369.19,126.68,1968.22,0.0588,0.9412,0.9412,0,2175.58,2175.58,1.0105,-22.58,0.5833,715.99,-259.84,0.1572,0.0,1.0,1,0.0,0.0,1968.22,p10_thu_nhap_dinh_ky_duong,0.95,0.95,High,Cao,2153.0,126.68,2025-10:1960;2025-11:1964;2025-12:2120;2026-01:2277;2026-02:2007;2026-03:2223;2026-04:2122;2026-05:2075;2026-06:2224;2026-07:2369;2026-08:2241;2026-09:2254,1833.31,134.91000000000008,0.07358820930448211
C0000197,12,12,2025-10,2026-09,898,12,5666.37,5646.02,5477.0,5978.93,162.55,5494.5,0.0287,0.9713,0.9713,0,5640.06,5640.06,0.9954,715.25,0.9167,-326.25,-3249.85,0.13,0.0,1.0,1,0.1084,0.1084,5494.5,p10_thu_nhap_dinh_ky_duong,0.8985,0.8985,High,Cao,5666.37,162.55,2025-10:5524;2025-11:5766;2025-12:5939;2026-01:5562;2026-02:5510;2026-03:5979;2026-04:5609;2026-05:5683;2026-06:5763;2026-07:5477;2026-08:5693;2026-09:5493,4991.01,503.4899999999998,0.10087938112726678
C0000198,12,12,2025-10,2026-09,516,12,2964.94,2929.57,2718.41,3314.48,166.91,2794.62,0.0563,0.9437,0.9437,0,3089.14,3089.14,1.0419,105.9,0.5833,1216.39,-779.87,0.1495,0.0,1.0,1,0.072,0.072,2794.62,p10_thu_nhap_dinh_ky_duong,0.9158,0.9158,High,Cao,2964.94,166.91,2025-10:2846;2025-11:2874;2025-12:3314;2026-01:2978;2026-02:3236;2026-03:2951;2026-04:3063;2026-05:2877;2026-06:2718;2026-07:2908;2026-08:2789;2026-09:3024,2637.63,156.98999999999978,0.05951934122678305
C0000199,12,12,2025-10,2026-09,625,12,4135.98,4098.86,3875.0,4654.15,199.03,3954.41,0.0481,0.9519,0.9519,0,4215.04,4215.04,1.0191,225.81,0.5833,1350.03,-780.0,0.3104,0.0,1.0,1,0.0687,0.0687,3954.41,p10_thu_nhap_dinh_ky_duong,0.9174,0.9174,High,Cao,4135.98,199.03,2025-10:3875;2025-11:3986;2025-12:3974;2026-01:3952;2026-02:4221;2026-03:4654;2026-04:4119;2026-05:4079;2026-06:4225;2026-07:4061;2026-08:4309;2026-09:4177,3689.15,265.25999999999976,0.07190274182399733
C0000200,12,12,2025-10,2026-09,845,12,4990.79,5052.47,4580.58,5190.12,176.49,4757.6,0.0354,0.9646,0.9646,0,5048.97,5048.97,1.0117,418.34,0.5833,769.92,-1949.94,0.12,0.0,1.0,1,0.0872,0.0872,4757.6,p10_thu_nhap_dinh_ky_duong,0.9086,0.9086,High,Cao,4990.79,176.49,2025-10:4753;2025-11:4800;2025-12:4986;2026-01:5116;2026-02:5047;2026-03:5190;2026-04:5132;2026-05:5016;2026-06:4581;2026-07:5071;2026-08:5141;2026-09:5058,4433.29,324.3100000000004,0.0731533466116587
C0000201,12,12,2025-09,2026-08,36,0,0.0,0.0,0.0,0.0,0.0,0.0,,0.0,0.0,12,56.0,56.0,,-56.0,0.0,-258.56,-258.56,,0.0,0.0,0,0.0,0.0,0.0,p10_thu_nhap_dinh_ky_duong,0.0,0.0,Low,Thấp,0.0,0.0,2025-09:0;2025-10:0;2025-11:0;2025-12:0;2026-01:0;2026-02:0;2026-03:0;2026-04:0;2026-05:0;2026-06:0;2026-07:0;2026-08:0,768.48,768.48,1.0
C0000202,12,12,2025-10,2026-09,102,0,0.0,0.0,0.0,0.0,0.0,0.0,,0.0,0.0,12,195.57,195.57,,-195.57,0.0,-1065.02,-1894.34,,0.0,0.0,0,0.0,0.0,0.0,p10_thu_nhap_dinh_ky_duong,0.0,0.0,Low,Thấp,0.0,0.0,2025-10:0;2025-11:0;2025-12:0;2026-01:0;2026-02:0;2026-03:0;2026-04:0;2026-05:0;2026-06:0;2026-07:0;2026-08:0;2026-09:0,1828.62,1828.62,1.0
C0000203,12,12,2025-10,2026-09,451,12,1660.36,1461.63,1370.9,2330.59,369.96,1413.67,0.2228,0.7772,0.7772,0,1667.82,1667.82,1.0045,32.67,0.3333,473.86,-259.9,0.2908,0.0,1.0,1,0.0236,0.0236,1413.67,p10_thu_nhap_dinh_ky_duong,0.9388,0.9388,High,Trung bình,1660.36,369.96,2025-10:1371;2025-11:1418;2025-12:1425;2026-01:1529;2026-02:1478;2026-03:1527;2026-04:1413;2026-05:1430;2026-06:1445;2026-07:2331;2026-08:2305;2026-09:2252,1290.86,122.81000000000017,0.09513812497094974
C0000204,12,12,2025-10,2026-09,68,0,0.0,0.0,0.0,0.0,0.0,0.0,,0.0,0.0,12,104.0,104.0,,-104.0,0.0,-777.61,-777.61,,0.0,0.0,0,0.0,0.0,0.0,p10_thu_nhap_dinh_ky_duong,0.0,0.0,Low,Thấp,0.0,0.0,2025-10:0;2025-11:0;2025-12:0;2026-01:0;2026-02:0;2026-03:0;2026-04:0;2026-05:0;2026-06:0;2026-07:0;2026-08:0;2026-09:0,2419.69,2419.69,1.0
C0000205,12,12,2025-10,2026-09,622,12,2969.57,2975.22,2763.27,3195.94,116.88,2787.46,0.0394,0.9606,0.9606,0,3091.32,3091.32,1.041,106.56,0.5,1056.96,-779.92,0.1274,0.0,1.0,1,0.0714,0.0714,2787.46,p10_thu_nhap_dinh_ky_duong,0.9161,0.9161,High,Cao,2969.57,116.88,2025-10:2777;2025-11:2763;2025-12:3063;2026-01:3020;2026-02:2885;2026-03:3074;2026-04:2929;2026-05:2965;2026-06:3196;2026-07:2983;2026-08:2968;2026-09:3012,2602.42,185.03999999999996,0.07110305023785551
C0000206,12,12,2025-10,2026-09,856,12,4342.2,4340.51,4119.4,4612.76,142.15,4138.39,0.0327,0.9673,0.9673,0,4369.76,4369.76,1.0063,581.11,0.75,1537.48,-779.91,0.1773,0.0,1.0,1,0.1229,0.1229,4138.39,p10_thu_nhap_dinh_ky_duong,0.8916,0.8916,High,Cao,4342.2,142.15,2025-10:4127;2025-11:4407;2025-12:4242;2026-01:4239;2026-02:4298;2026-03:4488;2026-04:4489;2026-05:4403;2026-06:4330;2026-07:4613;2026-08:4119;2026-09:4351,3205.48,932.9100000000003,0.29103597589128627
C0000207,12,12,2025-10,2026-09,611,12,2381.18,2400.26,2224.39,2469.28,60.47,2327.35,0.0254,0.9746,0.9746,0,2438.08,2438.08,1.0239,18.55,0.5,751.54,-259.93,0.2347,0.0,1.0,1,0.0307,0.0307,2327.35,p10_thu_nhap_dinh_ky_duong,0.9354,0.9354,High,Cao,2381.18,60.47,2025-10:2372;2025-11:2402;2025-12:2224;2026-01:2437;2026-02:2413;2026-03:2469;2026-04:2325;2026-05:2360;2026-06:2407;2026-07:2416;2026-08:2398;2026-09:2348,882.52,1444.83,1.6371640302769341
C0000208,12,12,2025-10,2026-09,578,12,2101.45,2118.58,1940.16,2210.91,80.28,1974.84,0.0382,0.9618,0.9618,0,2164.42,2164.42,1.03,-62.97,0.4167,730.61,-259.96,0.2027,0.0,1.0,1,0.0,0.0,1974.84,p10_thu_nhap_dinh_ky_duong,0.95,0.95,High,Cao,2101.45,80.28,2025-10:2100;2025-11:2116;2025-12:2145;2026-01:2147;2026-02:2211;2026-03:2175;2026-04:1970;2026-05:2175;2026-06:1940;2026-07:2097;2026-08:2020;2026-09:2121,1614.89,359.9499999999998,0.22289443863049482
C0000209,12,12,2025-10,2026-09,694,12,6095.98,6070.55,5693.67,6428.01,194.17,5954.22,0.0319,0.9681,0.9681,0,6161.48,6161.48,1.0107,1590.97,1.0,-1416.79,-5199.86,0.0565,0.0,1.0,1,0.2137,0.2137,5954.22,p10_thu_nhap_dinh_ky_duong,0.8485,0.8485,High,Trung bình,6095.98,194.17,2025-10:6056;2025-11:5694;2025-12:6006;2026-01:5953;2026-02:5987;2026-03:6428;2026-04:6122;2026-05:6085;2026-06:6341;2026-07:6320;2026-08:5964;2026-09:6196,5431.67,522.5500000000002,0.09620429812562253
C0000210,12,12,2025-10,2026-09,829,12,6049.59,6028.71,5733.95,6458.91,249.27,5738.28,0.0412,0.9588,0.9588,0,6092.44,6092.44,1.0071,473.22,0.75,1300.78,-1949.77,0.1105,0.0,1.0,1,0.0786,0.0786,5738.28,p10_thu_nhap_dinh_ky_duong,0.9127,0.9127,High,Cao,6049.59,249.27,2025-10:5983;2025-11:5734;2025-12:6182;2026-01:5886;2026-02:6074;2026-03:6459;2026-04:6240;2026-05:5736;2026-06:6288;2026-07:5757;2026-08:5863;2026-09:6392,5990.45,252.17000000000007,0.042095335074994376
C0000211,12,12,2025-10,2026-09,871,12,6180.91,6255.54,5655.4,6703.49,303.84,5720.45,0.0492,0.9508,0.9508,0,6317.12,6317.12,1.022,-136.21,0.6667,890.05,-1949.91,0.2053,0.0,1.0,1,0.0,0.0,5720.45,p10_thu_nhap_dinh_ky_duong,0.95,0.95,High,Cao,6180.91,303.84,2025-10:5852;2025-11:6347;2025-12:6359;2026-01:6364;2026-02:5655;2026-03:6474;2026-04:6164;2026-05:5706;2026-06:6703;2026-07:6086;2026-08:6357;2026-09:6103,5473.92,246.52999999999975,0.04503719455161927
C0000212,12,12,2025-10,2026-09,1581,12,19130.18,19187.96,17237.35,20528.91,898.55,17787.66,0.047,0.953,0.953,0,19362.89,19362.89,1.0122,3974.92,1.0,3502.82,-6499.39,0.0978,0.0,1.0,1,0.1803,0.1803,17787.66,p10_thu_nhap_dinh_ky_duong,0.8644,0.8644,High,Cao,19130.18,898.55,2025-10:17237;2025-11:18922;2025-12:20529;2026-01:19192;2026-02:18865;2026-03:20008;2026-04:18975;2026-05:17668;2026-06:19184;2026-07:19387;2026-08:19532;2026-09:20063,16970.82,816.8400000000001,0.04813202897679665
C0000213,12,12,2025-10,2026-09,399,12,2563.12,2546.04,2344.55,2912.79,130.16,2482.23,0.0508,0.9492,0.9492,0,2645.12,2645.12,1.032,-82.0,0.5,314.71,-779.93,0.26,0.0,1.0,1,0.0,0.0,2482.23,p10_thu_nhap_dinh_ky_duong,0.95,0.95,High,Cao,2563.12,130.16,2025-10:2491;2025-11:2528;2025-12:2565;2026-01:2345;2026-02:2686;2026-03:2913;2026-04:2503;2026-05:2560;2026-06:2481;2026-07:2532;2026-08:2584;2026-09:2571,3912.8,1430.5700000000002,0.3656128603557555
C0000214,12,12,2025-10,2026-09,1396,12,7644.19,7641.5,7099.88,8219.03,338.6,7240.78,0.0443,0.9557,0.9557,0,7624.08,7624.08,0.9974,1533.24,0.9167,271.65,-3249.9,0.1056,0.0,1.0,1,0.1652,0.1652,7240.78,p10_thu_nhap_dinh_ky_duong,0.8715,0.8715,High,Cao,7644.19,338.6,2025-10:7409;2025-11:7656;2025-12:7627;2026-01:7282;2026-02:7857;2026-03:8219;2026-04:8140;2026-05:7891;2026-06:7804;2026-07:7100;2026-08:7509;2026-09:7236,5000.16,2240.62,0.44810966049086426
C0000215,12,12,2025-10,2026-09,708,12,2600.21,2606.32,2450.24,2699.26,79.15,2477.06,0.0304,0.9696,0.9696,0,2646.56,2646.56,1.0178,201.15,0.6667,-644.5,-1949.95,0.1706,0.0,1.0,1,0.0869,0.0869,2477.06,p10_thu_nhap_dinh_ky_duong,0.9087,0.9087,High,Cao,2600.21,79.15,2025-10:2619;2025-11:2646;2025-12:2699;2026-01:2472;2026-02:2584;2026-03:2669;2026-04:2594;2026-05:2526;2026-06:2666;2026-07:2584;2026-08:2450;2026-09:2693,2435.54,41.51999999999998,0.01704755413583845
C0000216,12,12,2025-10,2026-09,722,12,6820.59,6831.4,6308.86,7217.83,253.88,6487.68,0.0372,0.9628,0.9628,0,6786.86,6786.86,0.9951,670.84,0.75,2068.19,-1949.8,0.1578,0.0,1.0,1,0.0854,0.0854,6487.68,p10_thu_nhap_dinh_ky_duong,0.9094,0.9094,High,Cao,6820.59,253.88,2025-10:6309;2025-11:6707;2025-12:7214;2026-01:6704;2026-02:6947;2026-03:6832;2026-04:6983;2026-05:6784;2026-06:6830;2026-07:6464;2026-08:7218;2026-09:6855,6142.89,344.78999999999996,0.056128304429999554
C0000217,12,12,2025-10,2026-09,652,12,5685.47,5627.19,4910.87,6339.11,369.1,5348.97,0.0649,0.9351,0.9351,0,5759.53,5759.53,1.013,341.74,0.5,2608.96,-779.9,0.2306,0.0,1.0,1,0.0682,0.0682,5348.97,p10_thu_nhap_dinh_ky_duong,0.9176,0.9176,High,Cao,5685.47,369.1,2025-10:5331;2025-11:5667;2025-12:5511;2026-01:6242;2026-02:5518;2026-03:6339;2026-04:5804;2026-05:5775;2026-06:5587;2026-07:4911;2026-08:5953;2026-09:5588,5123.64,225.32999999999993,0.04397849966039767
C0000218,12,12,2025-10,2026-09,704,12,3408.92,3293.12,2932.71,4095.03,353.27,3087.42,0.1036,0.8964,0.8964,0,3404.12,3404.12,0.9986,4.8,0.6667,844.52,-779.97,0.1965,0.0,1.0,1,0.0,0.0,3087.42,p10_thu_nhap_dinh_ky_duong,0.95,0.95,High,Cao,3408.92,353.27,2025-10:2933;2025-11:3169;2025-12:3347;2026-01:3165;2026-02:3176;2026-03:3239;2026-04:3079;2026-05:3393;2026-06:3753;2026-07:3562;2026-08:4095;2026-09:3996,2796.97,290.4500000000003,0.10384451745996572
C0000219,12,12,2025-10,2026-09,990,12,7558.98,7574.12,6777.41,8163.89,401.29,7062.2,0.0531,0.9469,0.9469,0,7648.9,7648.9,1.0119,891.22,0.9167,1668.93,-1949.9,0.1306,0.0,1.0,1,0.1149,0.1149,7062.2,p10_thu_nhap_dinh_ky_duong,0.8954,0.8954,High,Cao,7558.98,401.29,2025-10:7948;2025-11:7593;2025-12:7041;2026-01:7555;2026-02:7376;2026-03:8164;2026-04:7427;2026-05:7253;2026-06:8131;2026-07:7648;2026-08:6777;2026-09:7795,5581.35,1480.8499999999995,0.265321114067385
C0000220,12,12,2025-10,2026-09,316,12,920.52,916.6,847.63,1009.77,44.53,871.17,0.0484,0.9516,0.9516,0,979.83,979.83,1.0644,-51.18,0.5833,195.66,-259.97,0.2716,0.0,1.0,1,0.0088,0.0088,871.17,p10_thu_nhap_dinh_ky_duong,0.9458,0.9458,High,Cao,920.52,44.53,2025-10:905;2025-11:884;2025-12:900;2026-01:937;2026-02:848;2026-03:1010;2026-04:896;2026-05:870;2026-06:933;2026-07:982;2026-08:954;2026-09:928,829.71,41.45999999999992,0.049969266370177436
C0000221,12,12,2025-10,2026-09,123,0,0.0,0.0,0.0,0.0,0.0,0.0,,0.0,0.0,12,188.95,188.95,,-188.95,0.0,-1244.43,-1948.75,,0.0,0.0,0,0.0,0.0,0.0,p10_thu_nhap_dinh_ky_duong,0.0,0.0,Low,Thấp,0.0,0.0,2025-10:0;2025-11:0;2025-12:0;2026-01:0;2026-02:0;2026-03:0;2026-04:0;2026-05:0;2026-06:0;2026-07:0;2026-08:0;2026-09:0,4845.95,4845.95,1.0
C0000222,12,12,2025-10,2026-09,552,12,2734.63,2756.2,2416.01,3017.79,185.96,2438.04,0.068,0.932,0.932,0,2812.83,2812.83,1.0286,-78.21,0.4167,407.43,-780.0,0.1916,0.0,1.0,1,0.0,0.0,2438.04,p10_thu_nhap_dinh_ky_duong,0.95,0.95,High,Cao,2734.63,185.96,2025-10:2728;2025-11:2825;2025-12:3018;2026-01:2975;2026-02:2771;2026-03:2844;2026-04:2523;2026-05:2429;2026-06:2694;2026-07:2416;2026-08:2852;2026-09:2742,2480.99,42.94999999999982,0.017311637693017634
C0000223,12,12,2025-10,2026-09,599,12,9016.5,8951.96,8443.64,9584.09,363.92,8519.97,0.0404,0.9596,0.9596,0,8948.19,8948.19,0.9924,669.78,0.75,2302.15,-6499.94,0.1707,0.0,1.0,1,0.0625,0.0625,8519.97,p10_thu_nhap_dinh_ky_duong,0.9203,0.9203,High,Cao,9016.5,363.92,2025-10:8444;2025-11:8498;2025-12:9584;2026-01:8965;2026-02:9492;2026-03:9191;2026-04:8865;2026-05:9079;2026-06:9538;2026-07:8939;2026-08:8885;2026-09:8719,12341.84,3821.870000000001,0.30966776428798304
C0000224,8,8,2026-02,2026-09,1312,17,23592.84,21030.05,0.0,71902.54,23508.04,20348.98,0.9964,0.0036,0.0036,3,18275.33,18275.33,0.7746,5317.51,0.5,40909.94,7066.95,0.9956,0.0,1.0,1,0.0,0.0,20348.98,p10_thu_nhap_dinh_ky_duong,0.95,0.95,High,Trung bình,23592.84,23508.04,2026-02:0;2026-03:17625;2026-04:37019;2026-05:37761;2026-06:24435;2026-07:0;2026-08:71903;2026-09:0,15575.21,4773.77,0.30649795412068287
C0000225,12,12,2025-10,2026-09,962,12,8840.1,8809.92,7584.09,9637.51,497.7,8529.15,0.0563,0.9437,0.9437,0,8801.89,8801.89,0.9957,1142.63,0.9167,1360.59,-3249.98,0.1174,0.0,1.0,1,0.1111,0.1111,8529.15,p10_thu_nhap_dinh_ky_duong,0.8972,0.8972,High,Cao,8840.1,497.7,2025-10:8517;2025-11:8740;2025-12:8682;2026-01:8776;2026-02:7584;2026-03:9638;2026-04:8844;2026-05:9347;2026-06:8993;2026-07:8946;2026-08:8641;2026-09:9373,7830.49,698.6599999999999,0.08922302435735183
C0000226,12,12,2025-10,2026-09,840,12,4813.04,4807.23,4388.55,5294.38,225.08,4566.23,0.0468,0.9532,0.9532,0,4922.43,4922.43,1.0227,303.88,0.8333,379.42,-1949.97,0.1115,0.0,1.0,1,0.0791,0.0791,4566.23,p10_thu_nhap_dinh_ky_duong,0.9124,0.9124,High,Cao,4813.04,225.08,2025-10:4389;2025-11:4814;2025-12:4670;2026-01:5030;2026-02:4864;2026-03:5294;2026-04:4692;2026-05:4950;2026-06:4956;2026-07:4743;2026-08:4800;2026-09:4555,4253.19,313.03999999999996,0.07360122637361603
C0000227,12,12,2025-10,2026-09,332,12,1207.14,1193.84,1115.22,1343.36,57.24,1164.79,0.0474,0.9526,0.9526,0,1222.1,1222.1,1.0124,73.76,0.75,-266.54,-1039.96,0.1412,0.0,1.0,1,0.0685,0.0685,1164.79,p10_thu_nhap_dinh_ky_duong,0.9175,0.9175,High,Cao,1207.14,57.24,2025-10:1163;2025-11:1184;2025-12:1210;2026-01:1214;2026-02:1181;2026-03:1343;2026-04:1179;2026-05:1183;2026-06:1203;2026-07:1115;2026-08:1295;2026-09:1214,1077.81,86.98000000000002,0.08070068008276043
C0000228,12,12,2025-10,2026-09,1464,24,5194.12,5254.7,0.0,13991.01,3441.4,2621.1,0.6626,0.3374,0.3374,1,7202.39,7202.39,1.3866,-2008.27,0.1667,10974.16,-1949.95,0.6997,0.0,1.0,1,0.0,0.0,2621.1,p10_thu_nhap_dinh_ky_duong,0.95,0.95,High,Trung bình,5194.12,3441.4,2025-10:7357;2025-11:5927;2025-12:5104;2026-01:3396;2026-02:13991;2026-03:6283;2026-04:2621;2026-05:5405;2026-06:0;2026-07:887;2026-08:4578;2026-09:6780,3931.39,1310.29,0.33328924375348157
C0000229,12,12,2025-10,2026-09,809,12,5808.39,5802.74,5199.04,6238.5,297.92,5448.18,0.0513,0.9487,0.9487,0,5829.31,5829.31,1.0036,456.61,0.75,986.96,-1949.97,0.1368,0.0,1.0,1,0.076,0.076,5448.18,p10_thu_nhap_dinh_ky_duong,0.9139,0.9139,High,Cao,5808.39,297.92,2025-10:5199;2025-11:5444;2025-12:5788;2026-01:6238;2026-02:5817;2026-03:6066;2026-04:5930;2026-05:6161;2026-06:5733;2026-07:6052;2026-08:5788;2026-09:5484,5229.33,218.85000000000036,0.04185048562626577
C0000230,12,12,2025-10,2026-09,501,12,2037.97,2313.64,590.28,2459.36,648.52,764.4,0.3182,0.6818,0.6818,0,1959.91,1959.91,0.9617,78.06,0.3333,658.56,-259.91,0.2386,0.0,1.0,1,0.0,0.0,764.4,p10_thu_nhap_dinh_ky_duong,0.95,0.95,High,Trung bình,2037.97,648.52,2025-10:590;2025-11:606;2025-12:2394;2026-01:2297;2026-02:2193;2026-03:2422;2026-04:2341;2026-05:2260;2026-06:2330;2026-07:2358;2026-08:2206;2026-09:2459,571.58,192.81999999999994,0.33734560341509484
C0000231,12,12,2025-10,2026-09,452,12,2297.95,2281.72,2077.8,2452.41,108.87,2186.05,0.0474,0.9526,0.9526,0,2300.19,2300.19,1.001,170.61,0.6667,153.82,-1039.83,0.1622,0.0,1.0,1,0.07,0.07,2186.05,p10_thu_nhap_dinh_ky_duong,0.9168,0.9168,High,Cao,2297.95,108.87,2025-10:2270;2025-11:2184;2025-12:2388;2026-01:2431;2026-02:2239;2026-03:2078;2026-04:2294;2026-05:2452;2026-06:2418;2026-07:2207;2026-08:2264;2026-09:2352,2013.14,172.91000000000008,0.08589069811339503
C0000232,12,12,2025-10,2026-09,449,12,2656.16,2642.58,2473.02,2895.01,112.47,2534.48,0.0423,0.9577,0.9577,0,2648.98,2648.98,0.9973,208.74,0.75,627.37,-1039.74,0.1727,0.0,1.0,1,0.0705,0.0705,2534.48,p10_thu_nhap_dinh_ky_duong,0.9165,0.9165,High,Cao,2656.16,112.47,2025-10:2651;2025-11:2596;2025-12:2895;2026-01:2721;2026-02:2634;2026-03:2698;2026-04:2610;2026-05:2473;2026-06:2806;2026-07:2560;2026-08:2532;2026-09:2699,2288.51,245.9699999999998,0.10748041301982503
C0000233,12,12,2025-10,2026-09,1566,12,15032.9,14894.98,14324.34,16151.44,563.78,14383.1,0.0375,0.9625,0.9625,0,14963.09,14963.09,0.9954,69.81,0.5833,43155.03,25743.17,0.2835,0.0,1.0,1,0.0,0.0,14383.1,p10_thu_nhap_dinh_ky_duong,0.95,0.95,High,Cao,15032.9,563.78,2025-10:14763;2025-11:14517;2025-12:14649;2026-01:15027;2026-02:15424;2026-03:15790;2026-04:16151;2026-05:14368;2026-06:14324;2026-07:15377;2026-08:15380;2026-09:14624,13355.42,1027.6800000000003,0.07694853475218304
C0000234,12,12,2025-09,2026-08,72,0,0.0,0.0,0.0,0.0,0.0,0.0,,0.0,0.0,12,110.0,110.0,,-110.0,0.0,-1027.54,-1027.54,,0.0,0.0,0,0.0,0.0,0.0,p10_thu_nhap_dinh_ky_duong,0.0,0.0,Low,Thấp,0.0,0.0,2025-09:0;2025-10:0;2025-11:0;2025-12:0;2026-01:0;2026-02:0;2026-03:0;2026-04:0;2026-05:0;2026-06:0;2026-07:0;2026-08:0,1648.9,1648.9,1.0
C0000235,12,12,2025-10,2026-09,858,12,8143.72,7953.82,7410.64,9946.6,794.97,7418.45,0.0976,0.9024,0.9024,0,8224.14,8224.14,1.0099,1977.65,1.0,-1359.69,-5199.43,0.114,0.0,1.0,1,0.2017,0.2017,7418.45,p10_thu_nhap_dinh_ky_duong,0.8542,0.8542,High,Cao,8143.72,794.97,2025-10:7411;2025-11:8120;2025-12:7487;2026-01:7941;2026-02:7967;2026-03:8357;2026-04:8120;2026-05:7550;2026-06:7411;2026-07:7780;2026-08:9947;2026-09:9635,6983.98,434.47000000000025,0.06220951377294899
C0000236,12,12,2025-10,2026-09,420,12,3648.02,3649.81,3458.06,3942.07,117.06,3534.49,0.0321,0.9679,0.9679,0,3760.23,3760.23,1.0308,-112.21,0.4167,-451.1,-1949.83,0.1663,0.0,1.0,1,0.0,0.0,3534.49,p10_thu_nhap_dinh_ky_duong,0.95,0.95,High,Cao,3648.02,117.06,2025-10:3458;2025-11:3552;2025-12:3667;2026-01:3671;2026-02:3633;2026-03:3533;2026-04:3942;2026-05:3591;2026-06:3603;2026-07:3741;2026-08:3684;2026-09:3702,4989.53,1455.04,0.29161864945195237
C0000237,12,12,2025-10,2026-09,1404,12,16037.81,16017.35,14824.79,17417.63,705.54,15283.34,0.044,0.956,0.956,0,16040.34,16040.34,1.0002,3248.77,1.0,1416.67,-6499.75,0.0665,0.0,1.0,1,0.1686,0.1686,15283.34,p10_thu_nhap_dinh_ky_duong,0.8699,0.8699,High,Cao,16037.81,705.54,2025-10:15267;2025-11:16570;2025-12:17418;2026-01:15847;2026-02:15483;2026-03:16124;2026-04:14825;2026-05:16548;2026-06:15433;2026-07:16883;2026-08:16145;2026-09:15911,14137.44,1145.8999999999996,0.08105427856811415
C0000238,12,12,2025-10,2026-09,1103,12,8704.51,8675.42,8142.08,9385.96,320.91,8325.72,0.0369,0.9631,0.9631,0,8720.42,8720.42,1.0018,-15.91,0.5,442.49,-3249.97,0.0686,0.0,1.0,1,0.0,0.0,8325.72,p10_thu_nhap_dinh_ky_duong,0.95,0.95,High,Cao,8704.51,320.91,2025-10:8833;2025-11:8142;2025-12:9386;2026-01:8511;2026-02:8305;2026-03:8548;2026-04:8567;2026-05:8568;2026-06:8783;2026-07:8977;2026-08:8852;2026-09:8982,7706.42,619.2999999999993,0.08036156866612504
C0000239,12,12,2025-10,2026-09,565,12,2387.1,2398.0,2237.74,2565.85,99.98,2260.43,0.0419,0.9581,0.9581,0,2402.35,2402.35,1.0064,166.08,0.5833,550.33,-779.95,0.3162,0.0,1.0,1,0.0706,0.0706,2260.43,p10_thu_nhap_dinh_ky_duong,0.9165,0.9165,High,Cao,2387.1,99.98,2025-10:2439;2025-11:2399;2025-12:2566;2026-01:2260;2026-02:2238;2026-03:2428;2026-04:2457;2026-05:2313;2026-06:2525;2026-07:2397;2026-08:2357;2026-09:2266,2115.79,144.63999999999987,0.06836217204921087
C0000240,12,12,2025-10,2026-09,944,12,6809.51,6836.1,6242.38,7221.66,286.93,6465.1,0.0421,0.9579,0.9579,0,6834.59,6834.59,1.0037,904.41,0.9167,1822.77,-1949.91,0.1075,0.0,1.0,1,0.1201,0.1201,6465.1,p10_thu_nhap_dinh_ky_duong,0.893,0.893,High,Cao,6809.51,286.93,2025-10:6459;2025-11:6726;2025-12:6242;2026-01:7135;2026-02:6664;2026-03:7222;2026-04:6518;2026-05:6910;2026-06:6763;2026-07:6979;2026-08:7054;2026-09:7042,5036.23,1428.8700000000008,0.28371817808162075
C0000241,12,12,2025-10,2026-09,724,12,6641.93,6678.29,6113.64,7149.56,312.2,6215.27,0.047,0.953,0.953,0,6726.24,6726.24,1.0127,849.07,0.9167,677.2,-3249.95,0.1036,0.0,1.0,1,0.1232,0.1232,6215.27,p10_thu_nhap_dinh_ky_duong,0.8915,0.8915,High,Cao,6641.93,312.2,2025-10:6114;2025-11:6771;2025-12:6620;2026-01:6199;2026-02:6737;2026-03:7150;2026-04:6598;2026-05:7124;2026-06:6763;2026-07:6837;2026-08:6430;2026-09:6362,5951.14,264.1300000000001,0.044383092987225994
C0000242,12,12,2025-10,2026-09,644,12,2725.24,2712.72,2552.05,2944.72,113.58,2585.92,0.0417,0.9583,0.9583,0,2789.78,2789.78,1.0237,147.46,0.5833,625.54,-780.0,0.1458,0.0,1.0,1,0.0722,0.0722,2585.92,p10_thu_nhap_dinh_ky_duong,0.9157,0.9157,High,Cao,2725.24,113.58,2025-10:2584;2025-11:2808;2025-12:2945;2026-01:2753;2026-02:2700;2026-03:2907;2026-04:2707;2026-05:2725;2026-06:2552;2026-07:2607;2026-08:2718;2026-09:2696,2355.8,230.1199999999999,0.09768231598607686
C0000243,12,12,2025-10,2026-09,959,12,6216.1,6280.5,5713.21,6524.22,258.72,5810.4,0.0416,0.9584,0.9584,0,6336.96,6336.96,1.0194,676.45,0.75,-427.03,-3249.59,0.0886,0.0,1.0,1,0.1137,0.1137,5810.4,p10_thu_nhap_dinh_ky_duong,0.896,0.896,High,Cao,6216.1,258.72,2025-10:6257;2025-11:6524;2025-12:6447;2026-01:6428;2026-02:5897;2026-03:6470;2026-04:6269;2026-05:5713;2026-06:6292;2026-07:6304;2026-08:6191;2026-09:5801,5421.95,388.4499999999998,0.0716439657318861
C0000244,12,12,2025-10,2026-09,640,12,8469.74,8469.67,7861.54,9074.85,365.94,8075.21,0.0432,0.9568,0.9568,0,8599.13,8599.13,1.0153,922.47,0.75,1510.83,-3249.74,0.1435,0.0,1.0,1,0.1105,0.1105,8075.21,p10_thu_nhap_dinh_ky_duong,0.8975,0.8975,High,Cao,8469.74,365.94,2025-10:7862;2025-11:8276;2025-12:9075;2026-01:8663;2026-02:8796;2026-03:8201;2026-04:8703;2026-05:8258;2026-06:8071;2026-07:8114;2026-08:8838;2026-09:8780,7622.85,452.3599999999997,0.059342634316561345
C0000245,12,12,2025-10,2026-09,740,12,4415.27,4434.73,4078.06,4872.81,197.38,4177.25,0.0447,0.9553,0.9553,0,4574.08,4574.08,1.036,-158.81,0.5,240.98,-1949.97,0.1138,0.0,1.0,1,0.0,0.0,4177.25,p10_thu_nhap_dinh_ky_duong,0.95,0.95,High,Cao,4415.27,197.38,2025-10:4438;2025-11:4322;2025-12:4606;2026-01:4438;2026-02:4246;2026-03:4873;2026-04:4170;2026-05:4078;2026-06:4432;2026-07:4424;2026-08:4459;2026-09:4499,3890.16,287.09000000000015,0.07379902111995397
C0000246,12,12,2025-10,2026-09,289,12,1040.77,1041.55,974.91,1151.73,42.76,992.42,0.0411,0.9589,0.9589,0,1101.66,1101.66,1.0585,-60.89,0.3333,109.96,-259.97,0.2999,0.0,1.0,1,0.0,0.0,992.42,p10_thu_nhap_dinh_ky_duong,0.95,0.95,High,Cao,1040.77,42.76,2025-10:990;2025-11:1045;2025-12:1058;2026-01:1029;2026-02:1017;2026-03:1152;2026-04:975;2026-05:1059;2026-06:1013;2026-07:1058;2026-08:1056;2026-09:1038,911.76,80.65999999999997,0.08846626305168023
C0000247,12,12,2025-10,2026-09,426,12,2003.09,2009.68,1854.49,2159.19,85.18,1905.16,0.0425,0.9575,0.9575,0,2026.97,2026.97,1.0119,-23.88,0.4167,608.28,-259.94,0.391,0.0,1.0,1,0.0,0.0,1905.16,p10_thu_nhap_dinh_ky_duong,0.95,0.95,High,Cao,2003.09,85.18,2025-10:1945;2025-11:1957;2025-12:1854;2026-01:1984;2026-02:2070;2026-03:2044;2026-04:2069;2026-05:2159;2026-06:1903;2026-07:2036;2026-08:1928;2026-09:2089,1776.61,128.55000000000018,0.07235690444160518
C0000248,12,12,2025-10,2026-09,952,12,7742.48,7711.35,7461.62,8206.65,183.49,7606.35,0.0237,0.9763,0.9763,0,7705.78,7705.78,0.9953,1132.21,0.8333,627.45,-3249.7,0.1211,0.0,1.0,1,0.124,0.124,7606.35,p10_thu_nhap_dinh_ky_duong,0.8911,0.8911,High,Cao,7742.48,183.49,2025-10:7626;2025-11:7739;2025-12:7683;2026-01:7838;2026-02:7606;2026-03:7628;2026-04:7462;2026-05:7612;2026-06:7771;2026-07:7837;2026-08:8207;2026-09:7901,6831.93,774.4200000000001,0.11335303494034629
C0000249,12,12,2025-10,2026-09,848,12,7590.83,7493.74,7258.91,8475.0,343.85,7288.71,0.0453,0.9547,0.9547,0,7619.92,7619.92,1.0038,682.78,0.75,2011.66,-1949.91,0.1242,0.0,1.0,1,0.0857,0.0857,7288.71,p10_thu_nhap_dinh_ky_duong,0.9093,0.9093,High,Cao,7590.83,343.85,2025-10:7367;2025-11:7334;2025-12:7405;2026-01:7616;2026-02:7259;2026-03:8475;2026-04:8056;2026-05:7583;2026-06:7599;2026-07:7284;2026-08:7734;2026-09:7380,6683.53,605.1800000000003,0.09054795893786671
C0000250,12,12,2025-10,2026-09,499,12,2391.2,2346.43,2282.05,2553.81,87.39,2313.39,0.0365,0.9635,0.9635,0,2444.0,2444.0,1.0221,-52.8,0.4167,-105.99,-1039.78,0.2268,0.0,1.0,1,0.0,0.0,2313.39,p10_thu_nhap_dinh_ky_duong,0.95,0.95,High,Cao,2391.2,87.39,2025-10:2328;2025-11:2323;2025-12:2313;2026-01:2431;2026-02:2484;2026-03:2356;2026-04:2476;2026-05:2313;2026-06:2282;2026-07:2554;2026-08:2497;2026-09:2337,2096.52,216.8699999999999,0.10344284814836009
C0000251,12,12,2025-10,2026-09,532,12,2824.25,2873.14,2577.68,3048.41,146.33,2606.97,0.0518,0.9482,0.9482,0,2861.86,2861.86,1.0133,177.2,0.8333,1230.75,-259.92,0.1099,0.0,1.0,1,0.0707,0.0707,2606.97,p10_thu_nhap_dinh_ky_duong,0.9164,0.9164,High,Cao,2824.25,146.33,2025-10:2578;2025-11:2896;2025-12:2919;2026-01:2890;2026-02:2759;2026-03:3025;2026-04:2599;2026-05:2887;2026-06:2675;2026-07:3048;2026-08:2859;2026-09:2755,1686.53,920.4399999999998,0.5457596366504004
C0000252,12,12,2025-10,2026-09,2194,38,5305.09,3940.8,0.0,12438.63,3731.9,2124.84,0.7035,0.2965,0.2965,1,5816.69,5816.69,1.0964,-511.6,0.3333,50302.13,12232.35,0.6732,0.0,1.0,1,0.0,0.0,2124.84,p10_thu_nhap_dinh_ky_duong,0.95,0.95,High,Trung bình,5305.09,3731.9,2025-10:2112;2025-11:9180;2025-12:3080;2026-01:2572;2026-02:3665;2026-03:7370;2026-04:0;2026-05:4217;2026-06:12439;2026-07:2125;2026-08:10942;2026-09:5958,2123.03,1.8099999999999454,0.0008525550745867676
C0000253,12,12,2025-10,2026-09,1389,12,20597.18,20675.56,18967.87,22412.48,1006.33,19205.31,0.0489,0.9511,0.9511,0,20492.95,20492.95,0.9949,4585.3,1.0,3844.58,-6499.62,0.0622,0.0,1.0,1,0.1787,0.1787,19205.31,p10_thu_nhap_dinh_ky_duong,0.8651,0.8651,High,Cao,20597.18,1006.33,2025-10:19631;2025-11:20582;2025-12:22412;2026-01:19938;2026-02:21636;2026-03:20769;2026-04:21602;2026-05:20907;2026-06:21271;2026-07:18968;2026-08:19158;2026-09:20291,18293.41,911.9000000000015,0.049848552019552475
C0000254,12,12,2025-10,2026-09,554,12,2251.02,2269.14,1975.15,2431.27,117.29,2106.17,0.0521,0.9479,0.9479,0,2332.63,2332.63,1.0363,91.58,0.5,511.75,-779.91,0.2439,0.0,1.0,1,0.0714,0.0714,2106.17,p10_thu_nhap_dinh_ky_duong,0.9161,0.9161,High,Cao,2251.02,117.29,2025-10:2247;2025-11:2183;2025-12:2431;2026-01:2232;2026-02:2279;2026-03:2368;2026-04:2098;2026-05:2259;2026-06:2299;2026-07:2291;2026-08:2349;2026-09:1975,2003.89,102.27999999999997,0.05104072578834166
C0000255,12,12,2025-10,2026-09,743,12,5728.13,5701.56,5331.37,6240.12,230.6,5480.69,0.0403,0.9597,0.9597,0,5806.54,5806.54,1.0137,1506.45,1.0,-2012.84,-5199.97,0.1347,0.0,1.0,1,0.2167,0.2167,5480.69,p10_thu_nhap_dinh_ky_duong,0.8471,0.8471,High,Trung bình,5728.13,230.6,2025-10:5331;2025-11:5533;2025-12:5881;2026-01:5613;2026-02:5803;2026-03:5724;2026-04:5872;2026-05:5939;2026-06:6240;2026-07:5680;2026-08:5648;2026-09:5475,5056.25,424.4399999999996,0.08394363411619275
C0000256,12,12,2025-10,2026-09,315,12,1317.2,1316.62,1201.89,1406.25,60.76,1228.5,0.0461,0.9539,0.9539,0,1359.9,1359.9,1.0324,-42.7,0.4167,188.52,-259.9,0.4454,0.0,1.0,1,0.0,0.0,1228.5,p10_thu_nhap_dinh_ky_duong,0.95,0.95,High,Cao,1317.2,60.76,2025-10:1297;2025-11:1202;2025-12:1343;2026-01:1222;2026-02:1285;2026-03:1387;2026-04:1371;2026-05:1406;2026-06:1326;2026-07:1373;2026-08:1288;2026-09:1307,1180.79,47.710000000000036,0.040405152482659946
C0000257,12,12,2025-10,2026-09,490,12,2526.98,2534.55,2376.28,2842.31,135.06,2398.47,0.0534,0.9466,0.9466,0,2598.1,2598.1,1.0281,111.03,0.5,469.43,-1039.91,0.2021,0.0,1.0,1,0.0672,0.0672,2398.47,p10_thu_nhap_dinh_ky_duong,0.9181,0.9181,High,Cao,2526.98,135.06,2025-10:2376;2025-11:2405;2025-12:2625;2026-01:2565;2026-02:2398;2026-03:2842;2026-04:2403;2026-05:2670;2026-06:2558;2026-07:2403;2026-08:2511;2026-09:2567,2242.4,156.0699999999997,0.06959953621120216
C0000258,12,12,2025-10,2026-09,483,12,3345.6,3361.26,3110.49,3560.01,127.71,3193.73,0.0382,0.9618,0.9618,0,3423.86,3423.86,1.0234,155.25,0.6667,-2273.82,-4890.19,0.1367,0.0,1.0,1,0.0652,0.0652,3193.73,p10_thu_nhap_dinh_ky_duong,0.919,0.919,High,Cao,3345.6,127.71,2025-10:3249;2025-11:3249;2025-12:3342;2026-01:3288;2026-02:3188;2026-03:3505;2026-04:3381;2026-05:3560;2026-06:3401;2026-07:3459;2026-08:3415;2026-09:3110,4702.82,1509.0899999999997,0.32089044445673015
C0000259,12,12,2025-10,2026-09,543,12,3212.97,3253.4,2818.48,3570.48,192.73,2932.0,0.06,0.94,0.94,0,3326.3,3326.3,1.0353,141.68,0.6667,1132.95,-779.91,0.0832,0.0,1.0,1,0.0735,0.0735,2932.0,p10_thu_nhap_dinh_ky_duong,0.9151,0.9151,High,Cao,3212.97,192.73,2025-10:3276;2025-11:2818;2025-12:3320;2026-01:3262;2026-02:3570;2026-03:2913;2026-04:3245;2026-05:3143;2026-06:3364;2026-07:3103;2026-08:3331;2026-09:3211,2897.26,34.73999999999978,0.011990639431738876
C0000260,12,12,2025-10,2026-09,478,12,2587.59,2592.74,2370.99,2720.07,81.19,2546.27,0.0314,0.9686,0.9686,0,2665.1,2665.1,1.03,118.59,0.5833,394.03,-1039.88,0.2394,0.0,1.0,1,0.0704,0.0704,2546.27,p10_thu_nhap_dinh_ky_duong,0.9165,0.9165,High,Cao,2587.59,81.19,2025-10:2601;2025-11:2371;2025-12:2578;2026-01:2720;2026-02:2600;2026-03:2633;2026-04:2593;2026-05:2565;2026-06:2544;2026-07:2592;2026-08:2569;2026-09:2685,2277.23,269.03999999999996,0.118143534030379
C0000261,12,12,2025-10,2026-09,279,12,785.15,789.18,737.08,807.68,20.57,753.36,0.0262,0.9738,0.9738,0,871.89,871.89,1.1105,-86.73,0.25,1.65,-259.96,0.4673,0.0,1.0,1,0.0,0.0,753.36,p10_thu_nhap_dinh_ky_duong,0.95,0.95,High,Cao,785.15,20.57,2025-10:785;2025-11:783;2025-12:800;2026-01:785;2026-02:804;2026-03:793;2026-04:750;2026-05:801;2026-06:779;2026-07:808;2026-08:737;2026-09:797,692.61,60.75,0.0877116992246719
C0000262,12,12,2025-10,2026-09,822,12,6937.52,6868.8,6501.13,7619.65,316.08,6632.53,0.0456,0.9544,0.9544,0,7082.87,7082.87,1.021,88.63,0.6667,1583.36,-1949.74,0.1422,0.0,1.0,1,0.0326,0.0326,6632.53,p10_thu_nhap_dinh_ky_duong,0.9345,0.9345,High,Cao,6937.52,316.08,2025-10:6625;2025-11:6880;2025-12:7620;2026-01:6932;2026-02:6501;2026-03:7445;2026-04:7185;2026-05:6973;2026-06:6778;2026-07:6700;2026-08:6753;2026-09:6857,6104.98,527.5500000000002,0.08641305950224247
C0000263,12,12,2025-10,2026-09,1479,27,8172.36,7859.46,0.0,17838.76,4950.96,5743.24,0.6058,0.3942,0.3942,2,8413.27,8413.27,1.0295,-240.91,0.5,5680.81,-1949.41,0.6031,0.0,1.0,1,0.0,0.0,5743.24,p10_thu_nhap_dinh_ky_duong,0.95,0.95,High,Trung bình,8172.36,4950.96,2025-10:7253;2025-11:5798;2025-12:11211;2026-01:12136;2026-02:12019;2026-03:11367;2026-04:0;2026-05:0;2026-06:8465;2026-07:6728;2026-08:5252;2026-09:17839,4566.88,1176.3599999999997,0.2575850471218862
C0000264,12,12,2025-10,2026-09,1035,12,22216.29,22338.57,21089.73,23464.85,628.64,21386.84,0.0283,0.9717,0.9717,0,22185.89,22185.89,0.9986,4890.82,1.0,5143.77,-6499.9,0.0794,0.0,1.0,1,0.1795,0.1795,21386.84,p10_thu_nhap_dinh_ky_duong,0.8647,0.8647,High,Cao,22216.29,628.64,2025-10:21347;2025-11:22417;2025-12:22140;2026-01:22604;2026-02:21787;2026-03:23465;2026-04:21746;2026-05:22399;2026-06:22910;2026-07:22279;2026-08:22412;2026-09:21090,19641.37,1745.4700000000012,0.0888670189503075
C0000265,12,12,2025-10,2026-09,584,12,2315.58,2346.37,2176.22,2423.63,80.11,2184.3,0.0346,0.9654,0.9654,0,2378.43,2378.43,1.0271,-62.85,0.4167,758.78,-259.97,0.1545,0.0,1.0,1,0.0,0.0,2184.3,p10_thu_nhap_dinh_ky_duong,0.95,0.95,High,Cao,2315.58,80.11,2025-10:2269;2025-11:2322;2025-12:2424;2026-01:2339;2026-02:2176;2026-03:2373;2026-04:2180;2026-05:2397;2026-06:2357;2026-07:2373;2026-08:2354;2026-09:2224,934.23,1250.0700000000002,1.338075206319643
C0000266,12,12,2025-10,2026-09,571,12,2373.97,2397.42,2185.25,2464.25,78.07,2302.39,0.0329,0.9671,0.9671,0,2431.56,2431.56,1.0243,75.8,0.5,876.18,-259.98,0.2029,0.0,1.0,1,0.0532,0.0532,2302.39,p10_thu_nhap_dinh_ky_duong,0.9247,0.9247,High,Cao,2373.97,78.07,2025-10:2450;2025-11:2185;2025-12:2336;2026-01:2347;2026-02:2464;2026-03:2422;2026-04:2449;2026-05:2301;2026-06:2385;2026-07:2410;2026-08:2311;2026-09:2427,907.06,1395.33,1.538299561219765
C0000267,12,12,2025-10,2026-09,495,12,1948.23,1932.5,1844.38,2067.72,74.02,1852.24,0.038,0.962,0.962,0,1999.71,1999.71,1.0264,101.34,0.6667,169.11,-1039.48,0.1179,0.0,1.0,1,0.0727,0.0727,1852.24,p10_thu_nhap_dinh_ky_duong,0.9155,0.9155,High,Cao,1948.23,74.02,2025-10:1916;2025-11:1942;2025-12:1844;2026-01:1923;2026-02:1957;2026-03:2006;2026-04:1874;2026-05:1910;2026-06:2060;2026-07:2068;2026-08:2029;2026-09:1850,1721.6,130.6400000000001,0.07588289962825286
C0000268,12,12,2025-10,2026-09,1001,12,10157.54,10011.86,9598.91,11125.45,473.06,9654.23,0.0466,0.9534,0.9534,0,10216.5,10216.5,1.0058,1313.54,1.0,1836.91,-3249.84,0.0837,0.0,1.0,1,0.119,0.119,9654.23,p10_thu_nhap_dinh_ky_duong,0.8935,0.8935,High,Cao,10157.54,473.06,2025-10:9739;2025-11:10036;2025-12:10230;2026-01:10604;2026-02:9667;2026-03:10513;2026-04:10757;2026-05:9988;2026-06:9599;2026-07:11125;2026-08:9980;2026-09:9653,8982.39,671.8400000000001,0.07479523823837533
C0000269,12,12,2025-10,2026-09,1624,40,8146.0,6892.53,0.0,16096.51,5009.45,4052.61,0.615,0.385,0.385,1,8582.95,8582.95,1.0536,-436.95,0.4167,11545.71,3467.21,0.636,0.0,1.0,1,0.0,0.0,4052.61,p10_thu_nhap_dinh_ky_duong,0.95,0.95,High,Trung bình,8146.0,5009.45,2025-10:15060;2025-11:0;2025-12:8514;2026-01:3281;2026-02:13484;2026-03:4906;2026-04:5271;2026-05:16097;2026-06:8908;2026-07:13187;2026-08:4053;2026-09:4992,4330.78,278.1699999999996,0.06423092375969217
C0000270,12,12,2025-10,2026-09,709,12,2929.37,2911.2,2730.25,3231.54,125.5,2807.17,0.0428,0.9572,0.9572,0,2989.24,2989.24,1.0204,749.77,1.0,-439.57,-2152.79,0.0961,0.0,1.0,1,0.2165,0.2165,2807.17,p10_thu_nhap_dinh_ky_duong,0.8471,0.8471,High,Trung bình,2929.37,125.5,2025-10:2806;2025-11:2963;2025-12:3232;2026-01:2730;2026-02:2957;2026-03:3076;2026-04:2888;2026-05:2889;2026-06:2973;2026-07:2887;2026-08:2933;2026-09:2818,2070.0,737.1700000000001,0.35612077294685995
C0000271,12,12,2025-10,2026-09,958,12,7055.52,6981.34,6788.84,7604.31,215.51,6893.17,0.0305,0.9695,0.9695,0,6989.6,6989.6,0.9907,1070.5,0.9167,302.23,-3249.98,0.1067,0.0,1.0,1,0.1246,0.1246,6893.17,p10_thu_nhap_dinh_ky_duong,0.8908,0.8908,High,Cao,7055.52,215.51,2025-10:6909;2025-11:6789;2025-12:6912;2026-01:7101;2026-02:7227;2026-03:7604;2026-04:6897;2026-05:7109;2026-06:7262;2026-07:6941;2026-08:6893;2026-09:7022,6282.48,610.6900000000005,0.09720524378907701
C0000272,12,12,2025-10,2026-09,896,12,2994.62,3061.64,2678.96,3141.77,142.27,2736.5,0.0475,0.9525,0.9525,0,3029.51,3029.51,1.0117,369.86,0.9167,-405.95,-1950.0,0.0827,0.0,1.0,1,0.1191,0.1191,2736.5,p10_thu_nhap_dinh_ky_duong,0.8934,0.8934,High,Cao,2994.62,142.27,2025-10:3068;2025-11:2710;2025-12:2972;2026-01:3092;2026-02:3081;2026-03:3073;2026-04:2679;2026-05:3081;2026-06:3056;2026-07:3142;2026-08:3007;2026-09:2974,2071.33,665.1700000000001,0.3211318331699923
C0000273,12,12,2025-10,2026-09,555,12,2246.79,2256.86,2127.53,2351.79,69.87,2147.95,0.0311,0.9689,0.9689,0,2312.46,2312.46,1.0292,108.13,0.75,271.06,-779.84,0.1229,0.0,1.0,1,0.0718,0.0718,2147.95,p10_thu_nhap_dinh_ky_duong,0.9159,0.9159,High,Cao,2246.79,69.87,2025-10:2200;2025-11:2143;2025-12:2308;2026-01:2234;2026-02:2192;2026-03:2295;2026-04:2280;2026-05:2128;2026-06:2302;2026-07:2321;2026-08:2352;2026-09:2207,1999.99,147.9599999999998,0.07398036990184942
C0000274,12,12,2025-10,2026-09,847,12,5209.27,5183.5,4866.64,5628.12,201.67,4933.61,0.0387,0.9613,0.9613,0,5232.01,5232.01,1.0044,459.67,0.6667,865.27,-1949.97,0.1178,0.0,1.0,1,0.0848,0.0848,4933.61,p10_thu_nhap_dinh_ky_duong,0.9097,0.9097,High,Cao,5209.27,201.67,2025-10:4867;2025-11:4921;2025-12:5343;2026-01:5043;2026-02:5628;2026-03:5343;2026-04:5351;2026-05:5157;2026-06:5183;2026-07:5140;2026-08:5351;2026-09:5184,4600.51,333.09999999999945,0.07240501596562109
C0000275,12,12,2025-10,2026-09,848,12,6456.27,6504.31,6074.37,6802.41,222.35,6141.27,0.0344,0.9656,0.9656,0,6484.17,6484.17,1.0043,524.73,0.8333,1391.29,-1949.78,0.1535,0.0,1.0,1,0.0788,0.0788,6141.27,p10_thu_nhap_dinh_ky_duong,0.9125,0.9125,High,Cao,6456.27,222.35,2025-10:6530;2025-11:6479;2025-12:6745;2026-01:6074;2026-02:6139;2026-03:6576;2026-04:6381;2026-05:6443;2026-06:6536;2026-07:6609;2026-08:6802;2026-09:6160,5694.78,446.4900000000007,0.0784033799374165
C0000276,12,12,2025-10,2026-09,767,12,5338.9,5770.96,3885.34,6177.5,788.58,3966.2,0.1477,0.8523,0.8523,0,5328.89,5328.89,0.9981,1115.89,1.0,838.34,-1950.0,0.1241,0.0,1.0,1,0.1716,0.1716,3966.2,p10_thu_nhap_dinh_ky_duong,0.8685,0.8685,High,Cao,5338.9,788.58,2025-10:3942;2025-11:3885;2025-12:4180;2026-01:5763;2026-02:5820;2026-03:6178;2026-04:5499;2026-05:5813;2026-06:5792;2026-07:5779;2026-08:5606;2026-09:5810,2876.54,1089.6599999999999,0.37880926390733305
C0000277,12,12,2025-10,2026-09,746,12,6511.45,6482.06,5815.24,7085.31,338.04,6127.69,0.0519,0.9481,0.9481,0,6561.24,6561.24,1.0076,1718.2,0.9167,-2135.49,-6499.66,0.1388,0.0,1.0,1,0.2135,0.2135,6127.69,p10_thu_nhap_dinh_ky_duong,0.8486,0.8486,High,Trung bình,6511.45,338.04,2025-10:5815;2025-11:6654;2025-12:6302;2026-01:7085;2026-02:6739;2026-03:6985;2026-04:6372;2026-05:6459;2026-06:6505;2026-07:6676;2026-08:6437;2026-09:6108,8165.97,2038.2800000000007,0.2496065990935554
C0000278,12,12,2025-10,2026-09,743,12,6568.89,6581.8,6094.45,7042.74,293.33,6199.32,0.0447,0.9553,0.9553,0,6595.32,6595.32,1.004,1664.96,1.0,-3149.1,-6499.99,0.1313,0.0,1.0,1,0.2048,0.2048,6199.32,p10_thu_nhap_dinh_ky_duong,0.8527,0.8527,High,Cao,6568.89,293.33,2025-10:6599;2025-11:6681;2025-12:7033;2026-01:6184;2026-02:6094;2026-03:7043;2026-04:6565;2026-05:6703;2026-06:6377;2026-07:6823;2026-08:6334;2026-09:6391,14063.61,7864.290000000001,0.5591942609330037
C0000279,12,12,2025-10,2026-09,1036,12,6142.03,6089.19,5662.05,6603.88,281.77,5855.26,0.0459,0.9541,0.9541,0,6039.67,6039.67,0.9833,102.36,0.5,1798.37,-779.94,0.1115,0.0,1.0,1,0.0,0.0,5855.26,p10_thu_nhap_dinh_ky_duong,0.95,0.95,High,Cao,6142.03,281.77,2025-10:5879;2025-11:5853;2025-12:6279;2026-01:6405;2026-02:6035;2026-03:6543;2026-04:5662;2026-05:6143;2026-06:5941;2026-07:6604;2026-08:6018;2026-09:6342,4305.13,1550.13,0.36006578198567757
C0000280,12,12,2025-10,2026-09,1637,12,13931.39,13869.81,13182.55,14758.88,447.23,13437.15,0.0321,0.9679,0.9679,0,12395.79,12395.79,0.8898,1535.6,0.8333,120607.15,103991.13,0.1298,0.0,1.0,1,0.0,0.0,13437.15,p10_thu_nhap_dinh_ky_duong,0.95,0.95,High,Cao,13931.39,447.23,2025-10:13770;2025-11:14238;2025-12:14256;2026-01:13183;2026-02:13892;2026-03:14308;2026-04:13429;2026-05:14405;2026-06:13848;2026-07:13513;2026-08:13576;2026-09:14759,12414.83,1022.3199999999997,0.08234667732059156
C0000281,12,12,2025-10,2026-09,453,12,987.28,989.77,897.86,1120.16,58.05,916.61,0.0588,0.9412,0.9412,0,1012.86,1012.86,1.0259,51.36,0.5,-225.29,-908.91,0.1932,0.0,1.0,1,0.0723,0.0723,916.61,p10_thu_nhap_dinh_ky_duong,0.9157,0.9157,High,Cao,987.28,58.05,2025-10:1008;2025-11:898;2025-12:914;2026-01:958;2026-02:1016;2026-03:1120;2026-04:1017;2026-05:1012;2026-06:972;2026-07:1036;2026-08:954;2026-09:942,874.0,42.610000000000014,0.04875286041189933
C0000282,12,12,2025-10,2026-09,459,12,1529.53,1537.86,1432.43,1665.85,66.67,1451.08,0.0436,0.9564,0.9564,0,1600.84,1600.84,1.0466,39.42,0.5,-146.49,-1039.93,0.2112,0.0,1.0,1,0.0675,0.0675,1451.08,p10_thu_nhap_dinh_ky_duong,0.9179,0.9179,High,Cao,1529.53,66.67,2025-10:1432;2025-11:1547;2025-12:1569;2026-01:1495;2026-02:1544;2026-03:1666;2026-04:1469;2026-05:1577;2026-06:1449;2026-07:1607;2026-08:1468;2026-09:1532,1337.67,113.40999999999985,0.08478174736668972
C0000283,12,12,2025-10,2026-09,531,12,1902.11,1394.2,1231.87,2831.29,693.12,1246.97,0.3644,0.6356,0.6356,0,1899.84,1899.84,0.9988,96.52,0.5,-853.06,-1817.66,0.1654,0.0,1.0,1,0.0472,0.0472,1246.97,p10_thu_nhap_dinh_ky_duong,0.9276,0.9276,High,Trung bình,1902.11,693.12,2025-10:1241;2025-11:1232;2025-12:1411;2026-01:1300;2026-02:1311;2026-03:1377;2026-04:1374;2026-05:2819;2026-06:2831;2026-07:2523;2026-08:2703;2026-09:2702,1748.0,501.03,0.2866304347826087
C0000284,12,12,2025-10,2026-09,508,12,1768.14,1778.26,1615.94,1900.87,71.73,1688.58,0.0406,0.9594,0.9594,0,1844.18,1844.18,1.043,64.66,0.5,294.55,-779.96,0.1909,0.0,1.0,1,0.0737,0.0737,1688.58,p10_thu_nhap_dinh_ky_duong,0.915,0.915,High,Cao,1768.14,71.73,2025-10:1780;2025-11:1776;2025-12:1759;2026-01:1616;2026-02:1717;2026-03:1849;2026-04:1789;2026-05:1685;2026-06:1782;2026-07:1739;2026-08:1824;2026-09:1901,1572.58,116.0,0.0737641328263109
C0000285,12,12,2025-10,2026-09,752,12,4321.66,4322.85,3868.79,4815.9,280.02,3962.53,0.0648,0.9352,0.9352,0,4474.01,4474.01,1.0353,1061.34,1.0,-1138.53,-3970.51,0.1174,0.0,1.0,1,0.2193,0.2193,3962.53,p10_thu_nhap_dinh_ky_duong,0.8459,0.8459,High,Trung bình,4321.66,280.02,2025-10:4177;2025-11:3951;2025-12:4070;2026-01:4167;2026-02:4707;2026-03:4816;2026-04:4413;2026-05:4300;2026-06:4584;2026-07:4345;2026-08:4460;2026-09:3869,3818.0,144.5300000000002,0.03785489785227873
C0000286,12,12,2025-10,2026-09,115,0,0.0,0.0,0.0,0.0,0.0,0.0,,0.0,0.0,12,175.08,175.08,,-175.08,0.0,-6487.98,-6487.98,,0.0,0.0,0,0.0,0.0,0.0,p10_thu_nhap_dinh_ky_duong,0.0,0.0,Low,Thấp,0.0,0.0,2025-10:0;2025-11:0;2025-12:0;2026-01:0;2026-02:0;2026-03:0;2026-04:0;2026-05:0;2026-06:0;2026-07:0;2026-08:0;2026-09:0,14948.71,14948.71,1.0
C0000287,12,12,2025-10,2026-09,1077,12,7722.89,7620.74,7301.56,8380.19,330.64,7401.54,0.0428,0.9572,0.9572,0,7511.48,7511.48,0.9726,211.42,0.5,1211.16,-1949.96,0.1907,0.0,1.0,1,0.0,0.0,7401.54,p10_thu_nhap_dinh_ky_duong,0.95,0.95,High,Cao,7722.89,330.64,2025-10:7434;2025-11:7302;2025-12:8188;2026-01:7656;2026-02:7585;2026-03:7955;2026-04:8073;2026-05:7471;2026-06:7398;2026-07:7687;2026-08:7545;2026-09:8380,5232.57,2168.9700000000003,0.41451332710312533
C0000288,12,12,2025-10,2026-09,857,12,7889.06,7994.54,7163.35,8464.14,373.73,7325.45,0.0474,0.9526,0.9526,0,7909.87,7909.87,1.0026,1093.48,1.0,630.63,-3249.81,0.0768,0.0,1.0,1,0.1238,0.1238,7325.45,p10_thu_nhap_dinh_ky_duong,0.8912,0.8912,High,Cao,7889.06,373.73,2025-10:7531;2025-11:7927;2025-12:7163;2026-01:8222;2026-02:8100;2026-03:8464;2026-04:7735;2026-05:8062;2026-06:8177;2026-07:8120;2026-08:7865;2026-09:7303,7045.58,279.8699999999999,0.03972277654926917
C0000289,12,12,2025-10,2026-09,894,12,7357.99,7401.16,6785.55,7821.27,299.33,6976.78,0.0407,0.9593,0.9593,0,7438.84,7438.84,1.011,899.3,0.8333,537.23,-3249.97,0.1154,0.0,1.0,1,0.1176,0.1176,6976.78,p10_thu_nhap_dinh_ky_duong,0.8942,0.8942,High,Cao,7357.99,299.33,2025-10:7065;2025-11:7155;2025-12:7573;2026-01:7821;2026-02:7395;2026-03:7744;2026-04:7428;2026-05:6967;2026-06:7374;2026-07:7580;2026-08:6786;2026-09:7408,7326.42,349.6400000000003,0.04772317175373516
C0000290,12,12,2025-10,2026-09,789,12,4792.92,4734.48,4503.45,5230.54,213.93,4610.11,0.0446,0.9554,0.9554,0,4901.07,4901.07,1.0226,336.69,0.75,529.61,-1949.89,0.1075,0.0,1.0,1,0.0849,0.0849,4610.11,p10_thu_nhap_dinh_ky_duong,0.9097,0.9097,High,Cao,4792.92,213.93,2025-10:4503;2025-11:4625;2025-12:4762;2026-01:4749;2026-02:4946;2026-03:5231;2026-04:4967;2026-05:4720;2026-06:4622;2026-07:4665;2026-08:4609;2026-09:5116,4311.32,298.78999999999996,0.06930360075336556
C0000291,12,12,2025-10,2026-09,775,12,7842.65,7924.55,7305.78,8259.86,272.67,7411.77,0.0348,0.9652,0.9652,0,7784.28,7784.28,0.9926,2283.57,1.0,-2456.94,-6499.9,0.0972,0.0,1.0,1,0.221,0.221,7411.77,p10_thu_nhap_dinh_ky_duong,0.845,0.845,High,Trung bình,7842.65,272.67,2025-10:7306;2025-11:7810;2025-12:7723;2026-01:7935;2026-02:7648;2026-03:7914;2026-04:7996;2026-05:8009;2026-06:8007;2026-07:8118;2026-08:8260;2026-09:7386,7659.32,247.54999999999927,0.03232010152337274
C0000292,12,12,2025-10,2026-09,330,12,1356.41,1355.54,1233.27,1505.49,78.47,1277.02,0.0579,0.9421,0.9421,0,1395.36,1395.36,1.0287,-20.96,0.5,407.43,-259.86,0.3823,0.0,1.0,1,0.0131,0.0131,1277.02,p10_thu_nhap_dinh_ky_duong,0.9438,0.9438,High,Cao,1356.41,78.47,2025-10:1233;2025-11:1286;2025-12:1379;2026-01:1276;2026-02:1305;2026-03:1498;2026-04:1385;2026-05:1343;2026-06:1368;2026-07:1505;2026-08:1368;2026-09:1330,1203.23,73.78999999999996,0.06132659591266837
C0000293,12,12,2025-10,2026-09,121,0,0.0,0.0,0.0,0.0,0.0,0.0,,0.0,0.0,12,240.7,240.7,,-240.7,0.0,4526.42,-4547.85,,0.0,0.0,0,0.0,0.0,0.0,p10_thu_nhap_dinh_ky_duong,0.0,0.0,Low,Thấp,0.0,0.0,2025-10:0;2025-11:0;2025-12:0;2026-01:0;2026-02:0;2026-03:0;2026-04:0;2026-05:0;2026-06:0;2026-07:0;2026-08:0;2026-09:0,4837.66,4837.66,1.0
C0000294,12,12,2025-10,2026-09,465,12,3663.4,3653.46,3449.17,3901.12,129.24,3487.25,0.0353,0.9647,0.9647,0,3798.04,3798.04,1.0368,-134.63,0.4167,-524.78,-1949.91,0.2387,0.0,1.0,1,0.0,0.0,3487.25,p10_thu_nhap_dinh_ky_duong,0.95,0.95,High,Cao,3663.4,129.24,2025-10:3449;2025-11:3634;2025-12:3597;2026-01:3755;2026-02:3477;2026-03:3901;2026-04:3663;2026-05:3744;2026-06:3645;2026-07:3581;2026-08:3662;2026-09:3853,5493.97,2006.7200000000003,0.3652586381068699
C0000295,12,12,2025-10,2026-09,126,0,0.0,0.0,0.0,0.0,0.0,0.0,,0.0,0.0,12,4237.24,4237.24,,-4237.24,0.0,87511.14,62178.45,,0.0,0.0,0,0.0,0.0,0.0,p10_thu_nhap_dinh_ky_duong,0.0,0.0,Low,Thấp,0.0,0.0,2025-10:0;2025-11:0;2025-12:0;2026-01:0;2026-02:0;2026-03:0;2026-04:0;2026-05:0;2026-06:0;2026-07:0;2026-08:0;2026-09:0,14937.12,14937.12,1.0
C0000296,12,12,2025-10,2026-09,324,12,751.92,761.02,670.19,798.16,32.77,712.39,0.0436,0.9564,0.9564,0,859.78,859.78,1.1434,-107.86,0.3333,25.7,-259.94,0.2509,0.0,1.0,1,0.0,0.0,712.39,p10_thu_nhap_dinh_ky_duong,0.95,0.95,High,Cao,751.92,32.77,2025-10:756;2025-11:710;2025-12:761;2026-01:766;2026-02:730;2026-03:779;2026-04:751;2026-05:762;2026-06:670;2026-07:778;2026-08:798;2026-09:761,662.68,49.710000000000036,0.07501358121566977
C0000297,12,12,2025-10,2026-09,1583,47,8243.01,8907.2,0.0,13341.16,3788.14,6782.15,0.4596,0.5404,0.5404,1,8600.91,8600.91,1.0434,-357.89,0.6667,6996.3,-1949.77,0.506,0.0,1.0,1,0.0,0.0,6782.15,p10_thu_nhap_dinh_ky_duong,0.95,0.95,High,Trung bình,8243.01,3788.14,2025-10:11221;2025-11:7161;2025-12:0;2026-01:10178;2026-02:10815;2026-03:8469;2026-04:13341;2026-05:8498;2026-06:9317;2026-07:11509;2026-08:6782;2026-09:1625,4276.5,2505.6499999999996,0.5859113761253361
C0000298,12,12,2025-10,2026-09,882,12,9452.76,9428.52,8797.98,10237.35,322.3,9247.22,0.0341,0.9659,0.9659,0,9495.48,9495.48,1.0045,1191.93,1.0,1287.07,-3249.93,0.0749,0.0,1.0,1,0.1155,0.1155,9247.22,p10_thu_nhap_dinh_ky_duong,0.8951,0.8951,High,Cao,9452.76,322.3,2025-10:8798;2025-11:9439;2025-12:9390;2026-01:9400;2026-02:9795;2026-03:10237;2026-04:9438;2026-05:9465;2026-06:9419;2026-07:9523;2026-08:9286;2026-09:9243,8412.44,834.7799999999988,0.09923161413335474
C0000299,12,12,2025-10,2026-09,271,12,929.24,939.43,872.93,990.1,35.5,889.36,0.0382,0.9618,0.9618,0,937.12,937.12,1.0085,-7.88,0.5,106.8,-259.96,0.3031,0.0,1.0,1,0.0,0.0,889.36,p10_thu_nhap_dinh_ky_duong,0.95,0.95,High,Cao,929.24,35.5,2025-10:873;2025-11:898;2025-12:969;2026-01:935;2026-02:990;2026-03:891;2026-04:905;2026-05:889;2026-06:961;2026-07:944;2026-08:952;2026-09:945,803.22,86.13999999999999,0.10724334553422472
C0000300,12,12,2025-10,2026-09,899,12,3758.56,3753.98,3542.81,4254.13,185.55,3554.22,0.0494,0.9506,0.9506,0,3894.07,3894.07,1.0361,670.82,0.9167,-898.04,-3109.58,0.111,0.0,1.0,1,0.1766,0.1766,3554.22,p10_thu_nhap_dinh_ky_duong,0.8661,0.8661,High,Cao,3758.56,185.55,2025-10:3593;2025-11:3713;2025-12:3550;2026-01:3872;2026-02:3782;2026-03:4254;2026-04:3766;2026-05:3543;2026-06:3612;2026-07:3848;2026-08:3742;2026-09:3828,2990.0,564.2199999999998,0.18870234113712367
C0000301,12,12,2025-09,2026-08,60,0,0.0,0.0,0.0,0.0,0.0,0.0,,0.0,0.0,12,92.0,92.0,,-92.0,0.0,-1034.01,-1034.01,,0.0,0.0,0,0.0,0.0,0.0,p10_thu_nhap_dinh_ky_duong,0.0,0.0,Low,Thấp,0.0,0.0,2025-09:0;2025-10:0;2025-11:0;2025-12:0;2026-01:0;2026-02:0;2026-03:0;2026-04:0;2026-05:0;2026-06:0;2026-07:0;2026-08:0,1436.73,1436.73,1.0
C0000302,12,12,2025-10,2026-09,73,0,0.0,0.0,0.0,0.0,0.0,0.0,,0.0,0.0,12,111.5,111.5,,-111.5,0.0,-774.04,-774.04,,0.0,0.0,0,0.0,0.0,0.0,p10_thu_nhap_dinh_ky_duong,0.0,0.0,Low,Thấp,0.0,0.0,2025-10:0;2025-11:0;2025-12:0;2026-01:0;2026-02:0;2026-03:0;2026-04:0;2026-05:0;2026-06:0;2026-07:0;2026-08:0;2026-09:0,2798.35,2798.35,1.0
C0000303,12,12,2025-10,2026-09,255,12,969.16,977.58,892.0,1050.02,45.1,910.43,0.0465,0.9535,0.9535,0,1030.75,1030.75,1.0635,-61.59,0.5833,28.88,-259.88,0.5467,0.0,1.0,1,0.0,0.0,910.43,p10_thu_nhap_dinh_ky_duong,0.95,0.95,High,Cao,969.16,45.1,2025-10:909;2025-11:942;2025-12:1050;2026-01:999;2026-02:971;2026-03:1006;2026-04:1008;2026-05:998;2026-06:920;2026-07:984;2026-08:892;2026-09:951,845.83,64.59999999999991,0.07637468522043425
C0000304,12,12,2025-10,2026-09,978,12,22329.28,22533.16,20478.44,23630.45,1053.38,20620.64,0.0472,0.9528,0.9528,0,21939.47,21939.47,0.9825,5107.84,1.0,4676.89,-6499.92,0.0911,0.0,1.0,1,0.1744,0.1744,20620.64,p10_thu_nhap_dinh_ky_duong,0.8671,0.8671,High,Cao,22329.28,1053.38,2025-10:20911;2025-11:20478;2025-12:23630;2026-01:23391;2026-02:22556;2026-03:23155;2026-04:22511;2026-05:22594;2026-06:23403;2026-07:22504;2026-08:20588;2026-09:22230,19228.91,1391.7299999999996,0.07237695740424183
C0000305,12,12,2025-10,2026-09,635,12,5957.88,5975.46,5421.4,6405.75,258.57,5567.78,0.0434,0.9566,0.9566,0,6176.36,6176.36,1.0367,206.89,0.6667,-1315.85,-5199.72,0.0915,0.0,1.0,1,0.0666,0.0666,5567.78,p10_thu_nhap_dinh_ky_duong,0.9183,0.9183,High,Cao,5957.88,258.57,2025-10:5933;2025-11:5421;2025-12:5535;2026-01:6078;2026-02:5927;2026-03:6406;2026-04:6136;2026-05:6229;2026-06:5979;2026-07:5860;2026-08:5972;2026-09:6019,7608.82,2041.04,0.26824658751291264
C0000306,12,12,2025-10,2026-09,642,12,2159.79,2180.7,1961.93,2267.26,89.21,2056.25,0.0413,0.9587,0.9587,0,2213.74,2213.74,1.025,-53.95,0.4167,705.52,-259.96,0.1356,0.0,1.0,1,0.0,0.0,2056.25,p10_thu_nhap_dinh_ky_duong,0.95,0.95,High,Cao,2159.79,89.21,2025-10:2054;2025-11:2267;2025-12:2255;2026-01:2217;2026-02:2144;2026-03:2219;2026-04:1962;2026-05:2121;2026-06:2201;2026-07:2073;2026-08:2243;2026-09:2160,1780.82,275.43000000000006,0.15466470502352853
C0000307,12,12,2025-10,2026-09,1528,45,13359.47,11155.14,788.96,28263.32,7972.03,4461.14,0.5967,0.4033,0.4033,0,12210.28,12210.28,0.914,1149.19,0.5,9627.14,-1949.7,0.5902,0.0,1.0,1,0.0,0.0,4461.14,p10_thu_nhap_dinh_ky_duong,0.95,0.95,High,Trung bình,13359.47,7972.03,2025-10:5640;2025-11:9941;2025-12:4330;2026-01:14640;2026-02:28263;2026-03:9898;2026-04:12145;2026-05:23290;2026-06:789;2026-07:10165;2026-08:19999;2026-09:21213,6798.02,2336.88,0.34375891803789926
C0000308,12,12,2025-10,2026-09,1142,12,7649.67,7605.47,7363.01,8209.15,234.76,7405.46,0.0307,0.9693,0.9693,0,7768.97,7768.97,1.0156,-119.29,0.4167,105.8,-3249.94,0.1181,0.0,1.0,1,0.0,0.0,7405.46,p10_thu_nhap_dinh_ky_duong,0.95,0.95,High,Cao,7649.67,234.76,2025-10:7401;2025-11:7481;2025-12:7567;2026-01:7644;2026-02:7446;2026-03:7363;2026-04:7888;2026-05:8209;2026-06:7832;2026-07:7687;2026-08:7505;2026-09:7772,6804.02,601.4399999999996,0.08839480189652581
C0000309,12,12,2025-10,2026-09,885,12,3412.33,3411.02,3324.41,3531.76,73.76,3328.68,0.0216,0.9784,0.9784,0,3415.92,3415.92,1.0011,128.32,0.6667,629.13,-779.99,0.1078,0.0,1.0,1,0.0372,0.0372,3328.68,p10_thu_nhap_dinh_ky_duong,0.9323,0.9323,High,Cao,3412.33,73.76,2025-10:3355;2025-11:3339;2025-12:3431;2026-01:3509;2026-02:3324;2026-03:3391;2026-04:3461;2026-05:3460;2026-06:3329;2026-07:3532;2026-08:3329;2026-09:3489,2273.96,1054.7199999999998,0.463825221200021
C0000310,12,12,2025-10,2026-09,431,12,1385.42,1377.44,1272.65,1509.73,65.69,1326.12,0.0474,0.9526,0.9526,0,1449.52,1449.52,1.0463,36.52,0.4167,-86.51,-1039.97,0.1524,0.0,1.0,1,0.0677,0.0677,1326.12,p10_thu_nhap_dinh_ky_duong,0.9178,0.9178,High,Cao,1385.42,65.69,2025-10:1273;2025-11:1415;2025-12:1350;2026-01:1396;2026-02:1510;2026-03:1502;2026-04:1336;2026-05:1407;2026-06:1369;2026-07:1325;2026-08:1356;2026-09:1386,1232.14,93.97999999999979,0.07627380005518836
C0000311,12,12,2025-10,2026-09,838,12,5553.92,5460.08,5066.63,6199.03,361.74,5135.92,0.0651,0.9349,0.9349,0,5607.35,5607.35,1.0096,447.45,0.6667,656.85,-1949.97,0.1526,0.0,1.0,1,0.0827,0.0827,5135.92,p10_thu_nhap_dinh_ky_duong,0.9107,0.9107,High,Cao,5553.92,361.74,2025-10:5842;2025-11:5443;2025-12:6003;2026-01:5249;2026-02:5182;2026-03:6199;2026-04:5807;2026-05:5369;2026-06:5477;2026-07:5131;2026-08:5067;2026-09:5879,5020.53,115.39000000000033,0.022983629218429197
C0000312,12,12,2025-10,2026-09,396,12,3817.97,3812.12,3594.71,3978.04,101.12,3744.85,0.0265,0.9735,0.9735,0,3924.14,3924.14,1.0278,-106.16,0.4167,-599.84,-1949.78,0.1895,0.0,1.0,1,0.0,0.0,3744.85,p10_thu_nhap_dinh_ky_duong,0.95,0.95,High,Cao,3817.97,101.12,2025-10:3751;2025-11:3746;2025-12:3848;2026-01:3813;2026-02:3957;2026-03:3810;2026-04:3745;2026-05:3978;2026-06:3925;2026-07:3812;2026-08:3837;2026-09:3595,5057.69,1312.8399999999997,0.25957304619302485
C0000313,12,12,2025-10,2026-09,742,12,3739.68,3698.6,3522.25,3966.47,144.09,3572.53,0.0385,0.9615,0.9615,0,3846.45,3846.45,1.0286,239.36,0.6667,-5.66,-1949.91,0.1135,0.0,1.0,1,0.0847,0.0847,3572.53,p10_thu_nhap_dinh_ky_duong,0.9098,0.9098,High,Cao,3739.68,144.09,2025-10:3605;2025-11:3695;2025-12:3657;2026-01:3569;2026-02:3665;2026-03:3702;2026-04:3966;2026-05:3522;2026-06:3961;2026-07:3879;2026-08:3784;2026-09:3870,3269.34,303.19000000000005,0.09273737206898029
C0000314,12,12,2025-10,2026-09,281,12,489.69,487.72,444.16,544.38,26.54,461.34,0.0542,0.9458,0.9458,0,553.94,553.94,1.1312,-64.25,0.25,-83.82,-259.98,0.227,0.0,1.0,1,0.0,0.0,461.34,p10_thu_nhap_dinh_ky_duong,0.95,0.95,High,Cao,489.69,26.54,2025-10:469;2025-11:473;2025-12:509;2026-01:460;2026-02:514;2026-03:544;2026-04:500;2026-05:490;2026-06:444;2026-07:475;2026-08:512;2026-09:486,434.3,27.039999999999964,0.06226110983191334
C0000315,12,12,2025-10,2026-09,604,12,2373.7,2371.87,2269.31,2513.05,76.54,2276.38,0.0322,0.9678,0.9678,0,2440.64,2440.64,1.0282,-66.94,0.5,792.21,-259.94,0.1549,0.0,1.0,1,0.0,0.0,2276.38,p10_thu_nhap_dinh_ky_duong,0.95,0.95,High,Cao,2373.7,76.54,2025-10:2311;2025-11:2492;2025-12:2376;2026-01:2443;2026-02:2367;2026-03:2513;2026-04:2379;2026-05:2292;2026-06:2275;2026-07:2269;2026-08:2368;2026-09:2400,1124.14,1152.24,1.0249968865087977
C0000316,12,12,2025-10,2026-09,1100,12,6508.61,6531.28,6047.59,6975.08,273.3,6141.74,0.042,0.958,0.958,0,6551.1,6551.1,1.0065,829.33,0.8333,8.73,-3249.88,0.1139,0.0,1.0,1,0.1181,0.1181,6141.74,p10_thu_nhap_dinh_ky_duong,0.8939,0.8939,High,Cao,6508.61,273.3,2025-10:6493;2025-11:6810;2025-12:6327;2026-01:6367;2026-02:6124;2026-03:6975;2026-04:6808;2026-05:6629;2026-06:6570;2026-07:6048;2026-08:6656;2026-09:6297,5668.24,473.5,0.08353563010740547
C0000317,12,12,2025-10,2026-09,1350,12,5031.71,5038.58,4714.23,5297.68,188.11,4736.9,0.0374,0.9626,0.9626,0,5105.02,5105.02,1.0146,954.88,0.9167,-2268.68,-4688.31,0.1271,0.0,1.0,1,0.1697,0.1697,4736.9,p10_thu_nhap_dinh_ky_duong,0.8694,0.8694,High,Cao,5031.71,188.11,2025-10:4727;2025-11:4825;2025-12:5169;2026-01:5054;2026-02:5186;2026-03:5298;2026-04:5143;2026-05:4714;2026-06:4981;2026-07:5272;2026-08:4989;2026-09:5023,4508.0,228.89999999999964,0.05077639751552787
C0000318,12,12,2025-10,2026-09,1527,12,11151.38,11055.1,10307.37,12207.52,547.48,10646.31,0.0491,0.9509,0.9509,0,11265.98,11265.98,1.0103,2051.43,1.0,1828.02,-3249.92,0.0588,0.0,1.0,1,0.1626,0.1626,10646.31,p10_thu_nhap_dinh_ky_duong,0.8727,0.8727,High,Cao,11151.38,547.48,2025-10:10651;2025-11:10307;2025-12:11151;2026-01:11020;2026-02:10646;2026-03:10994;2026-04:10687;2026-05:11090;2026-06:11985;2026-07:11598;2026-08:12208;2026-09:11480,7469.82,3176.49,0.42524317855048716
C0000319,12,12,2025-10,2026-09,980,12,3214.58,3254.94,2954.03,3386.25,140.3,3039.34,0.0436,0.9564,0.9564,0,3266.31,3266.31,1.0161,-51.73,0.5,1092.26,-259.94,0.0812,0.0,1.0,1,0.0,0.0,3039.34,p10_thu_nhap_dinh_ky_duong,0.95,0.95,High,Cao,3214.58,140.3,2025-10:3236;2025-11:3073;2025-12:2954;2026-01:3362;2026-02:3378;2026-03:3386;2026-04:3274;2026-05:3314;2026-06:3291;2026-07:3188;2026-08:3036;2026-09:3082,1299.45,1739.89,1.3389433991304014
C0000320,12,12,2025-10,2026-09,98,0,0.0,0.0,0.0,0.0,0.0,0.0,,0.0,0.0,12,149.0,149.0,,-149.0,0.0,-1946.78,-1946.78,,0.0,0.0,0,0.0,0.0,0.0,p10_thu_nhap_dinh_ky_duong,0.0,0.0,Low,Thấp,0.0,0.0,2025-10:0;2025-11:0;2025-12:0;2026-01:0;2026-02:0;2026-03:0;2026-04:0;2026-05:0;2026-06:0;2026-07:0;2026-08:0;2026-09:0,4736.58,4736.58,1.0
C0000321,12,12,2025-10,2026-09,739,12,9634.28,9626.15,9000.99,10429.54,375.4,9268.54,0.039,0.961,0.961,0,9730.16,9730.16,1.01,2267.51,0.9167,307.73,-5199.58,0.1654,0.0,1.0,1,0.197,0.197,9268.54,p10_thu_nhap_dinh_ky_duong,0.8564,0.8564,High,Cao,9634.28,375.4,2025-10:9268;2025-11:9001;2025-12:9437;2026-01:9403;2026-02:9708;2026-03:10430;2026-04:9276;2026-05:9606;2026-06:9964;2026-07:9886;2026-08:9987;2026-09:9646,8507.8,760.7400000000016,0.0894167704929596
C0000322,12,12,2025-10,2026-09,366,12,1618.32,1306.32,1182.27,2362.67,485.96,1233.9,0.3003,0.6997,0.6997,0,1600.06,1600.06,0.9887,18.27,0.5,365.03,-259.89,0.438,0.0,1.0,1,0.0,0.0,1233.9,p10_thu_nhap_dinh_ky_duong,0.95,0.95,High,Trung bình,1618.32,485.96,2025-10:1279;2025-11:1230;2025-12:1269;2026-01:1326;2026-02:1270;2026-03:1369;2026-04:1286;2026-05:1182;2026-06:2325;2026-07:2363;2026-08:2272;2026-09:2248,1105.01,128.8900000000001,0.11664147835766202
C0000323,12,12,2025-10,2026-09,451,12,1633.56,1646.0,1481.72,1791.38,84.17,1495.91,0.0515,0.9485,0.9485,0,1634.66,1634.66,1.0007,120.87,0.6667,-140.75,-1039.85,0.1545,0.0,1.0,1,0.0695,0.0695,1495.91,p10_thu_nhap_dinh_ky_duong,0.917,0.917,High,Cao,1633.56,84.17,2025-10:1488;2025-11:1638;2025-12:1791;2026-01:1482;2026-02:1658;2026-03:1611;2026-04:1638;2026-05:1692;2026-06:1570;2026-07:1654;2026-08:1703;2026-09:1678,1436.84,59.070000000000164,0.04111104924695872
C0000324,12,12,2025-10,2026-09,828,12,6352.12,6307.94,6075.3,6921.03,224.88,6172.41,0.0354,0.9646,0.9646,0,6492.43,6492.43,1.0221,1583.3,1.0,-1942.03,-5199.92,0.1252,0.0,1.0,1,0.2134,0.2134,6172.41,p10_thu_nhap_dinh_ky_duong,0.8486,0.8486,High,Trung bình,6352.12,224.88,2025-10:6075;2025-11:6171;2025-12:6345;2026-01:6298;2026-02:6227;2026-03:6293;2026-04:6356;2026-05:6185;2026-06:6921;2026-07:6702;2026-08:6334;2026-09:6318,5659.05,513.3599999999997,0.09071487263763346
C0000325,12,12,2025-10,2026-09,408,12,1945.84,1785.34,1659.64,2925.62,431.01,1680.15,0.2215,0.7785,0.7785,0,2073.08,2073.08,1.0654,-92.55,0.4167,-14.5,-779.98,0.2542,0.0,1.0,1,0.0175,0.0175,1680.15,p10_thu_nhap_dinh_ky_duong,0.9417,0.9417,High,Trung bình,1945.84,431.01,2025-10:2926;2025-11:2869;2025-12:1785;2026-01:1679;2026-02:1816;2026-03:1699;2026-04:1830;2026-05:1660;2026-06:1711;2026-07:1900;2026-08:1691;2026-09:1786,2701.45,1021.2999999999997,0.37805622906217023
C0000326,12,12,2025-10,2026-09,507,12,2924.17,2895.73,2723.06,3183.57,127.0,2820.97,0.0434,0.9566,0.9566,0,2936.41,2936.41,1.0042,-12.24,0.5833,422.99,-779.97,0.2427,0.0,1.0,1,0.0,0.0,2820.97,p10_thu_nhap_dinh_ky_duong,0.95,0.95,High,Cao,2924.17,127.0,2025-10:2845;2025-11:2723;2025-12:2913;2026-01:2821;2026-02:2991;2026-03:2878;2026-04:3026;2026-05:2823;2026-06:2933;2026-07:2842;2026-08:3184;2026-09:3111,2596.89,224.07999999999993,0.08628782890303399
C0000327,12,12,2025-10,2026-09,425,12,1997.28,1986.86,1817.19,2351.92,136.24,1889.64,0.0682,0.9318,0.9318,0,2036.89,2036.89,1.0198,-39.61,0.4167,-211.72,-1039.99,0.1903,0.0,1.0,1,0.0,0.0,1889.64,p10_thu_nhap_dinh_ky_duong,0.95,0.95,High,Cao,1997.28,136.24,2025-10:2013;2025-11:1999;2025-12:2030;2026-01:1889;2026-02:1817;2026-03:2352;2026-04:1899;2026-05:1924;2026-06:2013;2026-07:1899;2026-08:1975;2026-09:2159,1745.7,143.94000000000005,0.08245402990204505
C0000328,12,12,2025-10,2026-09,856,12,4027.41,4008.5,3856.7,4326.66,139.72,3871.35,0.0347,0.9653,0.9653,0,4116.23,4116.23,1.0221,-88.82,0.3333,-402.24,-1949.98,0.0733,0.0,1.0,1,0.0,0.0,3871.35,p10_thu_nhap_dinh_ky_duong,0.95,0.95,High,Cao,4027.41,139.72,2025-10:3903;2025-11:4023;2025-12:3949;2026-01:4233;2026-02:3994;2026-03:4147;2026-04:4048;2026-05:4052;2026-06:4327;2026-07:3868;2026-08:3929;2026-09:3857,3499.35,372.0,0.106305456727678
C0000329,12,12,2025-10,2026-09,340,12,1052.4,1058.39,959.76,1137.66,49.03,979.52,0.0466,0.9534,0.9534,0,1088.79,1088.79,1.0346,-36.39,0.5,180.25,-259.78,0.2903,0.0,1.0,1,0.0,0.0,979.52,p10_thu_nhap_dinh_ky_duong,0.95,0.95,High,Cao,1052.4,49.03,2025-10:1044;2025-11:1051;2025-12:1050;2026-01:977;2026-02:1101;2026-03:1075;2026-04:960;2026-05:1004;2026-06:1066;2026-07:1089;2026-08:1074;2026-09:1138,917.03,62.49000000000001,0.06814389932717578
C0000330,12,12,2025-10,2026-09,1524,12,8846.36,8931.17,8125.08,9303.16,341.7,8303.54,0.0386,0.9614,0.9614,0,8853.89,8853.89,1.0009,1738.91,1.0,345.06,-3249.89,0.0727,0.0,1.0,1,0.1649,0.1649,8303.54,p10_thu_nhap_dinh_ky_duong,0.8717,0.8717,High,Cao,8846.36,341.7,2025-10:8258;2025-11:8125;2025-12:8946;2026-01:9019;2026-02:8961;2026-03:8916;2026-04:9303;2026-05:8815;2026-06:8739;2026-07:9093;2026-08:8714;2026-09:9268,5413.65,2889.8900000000012,0.5338154479879567
C0000331,12,12,2025-10,2026-09,1577,12,11362.54,11406.19,10701.58,11828.56,372.5,10808.33,0.0328,0.9672,0.9672,0,9816.34,9816.34,0.8639,1546.2,0.9167,20018.91,7442.33,0.0997,0.0,1.0,1,0.0,0.0,10808.33,p10_thu_nhap_dinh_ky_duong,0.95,0.95,High,Cao,11362.54,372.5,2025-10:11283;2025-11:10787;2025-12:11821;2026-01:11829;2026-02:11392;2026-03:10702;2026-04:11700;2026-05:11187;2026-06:11443;2026-07:11420;2026-08:11003;2026-09:11785,10115.49,692.8400000000001,0.06849297463592967
C0000332,12,12,2025-10,2026-09,1545,12,11671.45,11809.96,10391.81,12655.69,576.91,10919.82,0.0494,0.9506,0.9506,0,11686.8,11686.8,1.0013,2481.9,1.0,-866.47,-6499.99,0.0673,0.0,1.0,1,0.1763,0.1763,10919.82,p10_thu_nhap_dinh_ky_duong,0.8663,0.8663,High,Cao,11671.45,576.91,2025-10:10392;2025-11:10878;2025-12:12656;2026-01:12103;2026-02:11294;2026-03:12080;2026-04:11727;2026-05:11892;2026-06:11693;2026-07:11898;2026-08:11445;2026-09:12000,10524.87,394.9499999999989,0.037525404114254986
C0000333,12,12,2025-10,2026-09,584,12,4537.92,4559.22,3984.19,4798.55,200.86,4433.33,0.0443,0.9557,0.9557,0,4675.26,4675.26,1.0303,230.52,0.5833,-2100.28,-6499.7,0.2641,0.0,1.0,1,0.075,0.075,4433.33,p10_thu_nhap_dinh_ky_duong,0.9144,0.9144,High,Cao,4537.92,200.86,2025-10:4431;2025-11:3984;2025-12:4799;2026-01:4489;2026-02:4619;2026-03:4499;2026-04:4704;2026-05:4623;2026-06:4732;2026-07:4621;2026-08:4458;2026-09:4496,12019.76,7586.43,0.6311631846226547
C0000334,12,12,2025-10,2026-09,175,4,780.54,0.0,0.0,2543.62,1106.18,2234.98,1.4172,0.0,0.0,8,929.43,929.43,1.1908,-85.95,0.3333,-382.95,-1037.38,0.3659,0.0,1.0,1,0.0746,0.0746,2234.98,p10_thu_nhap_dinh_ky_duong,0.3049,0.3049,Low,Thấp,780.54,1106.18,2025-10:2343;2025-11:2252;2025-12:2544;2026-01:2227;2026-02:0;2026-03:0;2026-04:0;2026-05:0;2026-06:0;2026-07:0;2026-08:0;2026-09:0,1984.29,250.69000000000005,0.1263373801208493
C0000335,12,12,2025-10,2026-09,538,12,3384.91,3260.42,3024.31,4047.38,344.82,3107.76,0.1019,0.8981,0.8981,0,3305.31,3305.31,0.9765,382.28,0.75,1359.97,-779.86,0.1604,0.0,1.0,1,0.0821,0.0821,3107.76,p10_thu_nhap_dinh_ky_duong,0.911,0.911,High,Cao,3384.91,344.82,2025-10:3024;2025-11:3150;2025-12:3296;2026-01:3121;2026-02:3106;2026-03:3358;2026-04:3162;2026-05:3275;2026-06:3246;2026-07:3919;2026-08:4047;2026-09:3915,2853.22,254.54000000000042,0.08921148737216213
C0000336,12,12,2025-10,2026-09,544,12,3139.59,3089.63,2988.53,3363.79,123.75,3035.73,0.0394,0.9606,0.9606,0,3174.02,3174.02,1.011,188.6,0.6667,1367.83,-779.76,0.192,0.0,1.0,1,0.0663,0.0663,3035.73,p10_thu_nhap_dinh_ky_duong,0.9185,0.9185,High,Cao,3139.59,123.75,2025-10:3100;2025-11:3058;2025-12:3320;2026-01:3063;2026-02:3079;2026-03:3364;2026-04:2989;2026-05:3034;2026-06:3103;2026-07:3054;2026-08:3175;2026-09:3337,2796.14,239.59000000000015,0.08568598138862867
C0000337,12,12,2025-10,2026-09,960,12,15374.13,15169.56,14565.3,16942.46,650.82,14819.97,0.0423,0.9577,0.9577,0,15467.13,15467.13,1.006,3335.3,1.0,945.99,-6499.89,0.0807,0.0,1.0,1,0.1823,0.1823,14819.97,p10_thu_nhap_dinh_ky_duong,0.8634,0.8634,High,Cao,15374.13,650.82,2025-10:15625;2025-11:14565;2025-12:14880;2026-01:15050;2026-02:15188;2026-03:16237;2026-04:16942;2026-05:14853;2026-06:14816;2026-07:15433;2026-08:15151;2026-09:15749,13946.67,873.2999999999993,0.06261709784486184
C0000338,12,12,2025-10,2026-09,454,12,1811.85,1800.45,1705.71,2019.12,97.0,1710.68,0.0535,0.9465,0.9465,0,1843.29,1843.29,1.0174,114.37,0.6667,-16.26,-1039.89,0.1801,0.0,1.0,1,0.0745,0.0745,1710.68,p10_thu_nhap_dinh_ky_duong,0.9146,0.9146,High,Cao,1811.85,97.0,2025-10:1718;2025-11:1801;2025-12:2019;2026-01:1866;2026-02:1802;2026-03:1982;2026-04:1706;2026-05:1771;2026-06:1828;2026-07:1800;2026-08:1740;2026-09:1710,1570.25,140.43000000000006,0.08943161916892219
C0000339,12,12,2025-10,2026-09,1662,28,6110.4,5024.22,0.0,15720.51,3736.05,4214.53,0.6114,0.3886,0.3886,1,7943.33,7943.33,1.3,-1832.93,0.1667,11112.12,-1247.42,0.5356,0.0,1.0,1,0.0,0.0,4214.53,p10_thu_nhap_dinh_ky_duong,0.95,0.95,High,Trung bình,6110.4,3736.05,2025-10:5644;2025-11:3949;2025-12:10569;2026-01:4547;2026-02:4539;2026-03:4215;2026-04:4786;2026-05:7438;2026-06:5263;2026-07:15721;2026-08:0;2026-09:6656,3489.76,724.7699999999995,0.20768476915317943
C0000340,12,12,2025-10,2026-09,596,12,2574.05,2542.52,2452.94,2761.24,83.03,2504.58,0.0323,0.9677,0.9677,0,2667.47,2667.47,1.0363,91.02,0.5833,980.8,-259.91,0.1783,0.0,1.0,1,0.0669,0.0669,2504.58,p10_thu_nhap_dinh_ky_duong,0.9182,0.9182,High,Cao,2574.05,83.03,2025-10:2517;2025-11:2453;2025-12:2515;2026-01:2525;2026-02:2548;2026-03:2503;2026-04:2640;2026-05:2671;2026-06:2761;2026-07:2537;2026-08:2628;2026-09:2591,584.22,1920.36,3.287049399198932
C0000341,12,12,2025-10,2026-09,556,12,1942.01,1939.06,1717.54,2112.59,101.15,1859.04,0.0521,0.9479,0.9479,0,2073.12,2073.12,1.0675,21.28,0.5833,-925.02,-1949.97,0.2482,0.0,1.0,1,0.0728,0.0728,1859.04,p10_thu_nhap_dinh_ky_duong,0.9154,0.9154,High,Cao,1942.01,101.15,2025-10:1856;2025-11:1948;2025-12:2104;2026-01:1718;2026-02:1995;2026-03:1953;2026-04:1981;2026-05:1930;2026-06:1912;2026-07:1907;2026-08:1887;2026-09:2113,3489.24,1630.1999999999998,0.46720775870963305
C0000342,12,12,2025-10,2026-09,1522,12,12496.75,12334.96,11034.69,13931.02,685.59,11976.38,0.0549,0.9451,0.9451,0,12519.64,12519.64,1.0018,2878.08,1.0,-592.35,-6499.66,0.0794,0.0,1.0,1,0.1884,0.1884,11976.38,p10_thu_nhap_dinh_ky_duong,0.8605,0.8605,High,Cao,12496.75,685.59,2025-10:11961;2025-11:11035;2025-12:12293;2026-01:13931;2026-02:13079;2026-03:13125;2026-04:12258;2026-05:12116;2026-06:12336;2026-07:12701;2026-08:12793;2026-09:12334,11106.85,869.5299999999988,0.07828772334190151
C0000343,12,12,2025-10,2026-09,584,12,2842.45,2819.41,2602.15,3099.14,142.13,2705.13,0.05,0.95,0.95,0,2857.34,2857.34,1.0052,220.68,0.75,-1620.5,-3249.93,0.2274,0.0,1.0,1,0.0765,0.0765,2705.13,p10_thu_nhap_dinh_ky_duong,0.9136,0.9136,High,Cao,2842.45,142.13,2025-10:2704;2025-11:2777;2025-12:2860;2026-01:2602;2026-02:2720;2026-03:2994;2026-04:2967;2026-05:2870;2026-06:3099;2026-07:2779;2026-08:2736;2026-09:3002,6905.44,4200.3099999999995,0.6082610231933084
C0000344,12,12,2025-10,2026-09,1038,12,7052.27,7108.44,6468.59,7510.95,270.81,6764.64,0.0384,0.9616,0.9616,0,7178.86,7178.86,1.018,713.86,0.9167,-377.14,-3249.92,0.0794,0.0,1.0,1,0.1065,0.1065,6764.64,p10_thu_nhap_dinh_ky_duong,0.8994,0.8994,High,Cao,7052.27,270.81,2025-10:6795;2025-11:7031;2025-12:7120;2026-01:7241;2026-02:7194;2026-03:7361;2026-04:6469;2026-05:7103;2026-06:6761;2026-07:7511;2026-08:7114;2026-09:6927,6143.71,620.9300000000003,0.10106759596400225
C0000345,12,12,2025-10,2026-09,612,12,3097.41,3107.34,2910.58,3227.27,89.16,2990.1,0.0288,0.9712,0.9712,0,3182.35,3182.35,1.0274,134.13,0.5,648.89,-779.99,0.2054,0.0,1.0,1,0.0661,0.0661,2990.1,p10_thu_nhap_dinh_ky_duong,0.9186,0.9186,High,Cao,3097.41,89.16,2025-10:2911;2025-11:2997;2025-12:3200;2026-01:3133;2026-02:3227;2026-03:3085;2026-04:3102;2026-05:3151;2026-06:3082;2026-07:3113;2026-08:2989;2026-09:3179,2770.64,219.46000000000004,0.07920913579533972
C0000346,12,12,2025-10,2026-09,1281,12,11576.18,11553.57,10478.53,12852.55,579.55,10939.45,0.0501,0.9499,0.9499,0,11559.79,11559.79,0.9986,2308.97,0.9167,-1539.23,-6499.99,0.1137,0.0,1.0,1,0.1653,0.1653,10939.45,p10_thu_nhap_dinh_ky_duong,0.8715,0.8715,High,Cao,11576.18,579.55,2025-10:10479;2025-11:11918;2025-12:11553;2026-01:11244;2026-02:11851;2026-03:12853;2026-04:11141;2026-05:11554;2026-06:11826;2026-07:12029;2026-08:10917;2026-09:11549,10104.25,835.2000000000007,0.08265828735433117
C0000347,12,12,2025-10,2026-09,261,12,872.74,865.11,809.7,948.54,42.58,822.7,0.0488,0.9512,0.9512,0,953.68,953.68,1.0928,-78.92,0.5,61.03,-259.97,0.2583,0.0,1.0,1,0.0023,0.0023,822.7,p10_thu_nhap_dinh_ky_duong,0.9489,0.9489,High,Cao,872.74,42.58,2025-10:810;2025-11:860;2025-12:934;2026-01:838;2026-02:843;2026-03:949;2026-04:864;2026-05:895;2026-06:866;2026-07:821;2026-08:924;2026-09:869,774.15,48.55000000000007,0.0627139443260351
C0000348,12,12,2025-10,2026-09,33,0,0.0,0.0,0.0,0.0,0.0,0.0,,0.0,0.0,12,51.5,51.5,,-51.5,0.0,-259.72,-259.72,,0.0,0.0,0,0.0,0.0,0.0,p10_thu_nhap_dinh_ky_duong,0.0,0.0,Low,Thấp,0.0,0.0,2025-10:0;2025-11:0;2025-12:0;2026-01:0;2026-02:0;2026-03:0;2026-04:0;2026-05:0;2026-06:0;2026-07:0;2026-08:0;2026-09:0,639.02,639.02,1.0
C0000349,12,12,2025-10,2026-09,582,12,3176.73,3160.29,3043.1,3425.25,107.29,3066.24,0.0338,0.9662,0.9662,0,3325.92,3325.92,1.047,-149.19,0.5,575.96,-779.97,0.2952,0.0,1.0,1,0.0,0.0,3066.24,p10_thu_nhap_dinh_ky_duong,0.95,0.95,High,Cao,3176.73,107.29,2025-10:3104;2025-11:3171;2025-12:3425;2026-01:3065;2026-02:3304;2026-03:3165;2026-04:3220;2026-05:3270;2026-06:3155;2026-07:3073;2026-08:3043;2026-09:3124,2853.79,212.44999999999982,0.07444486104443558
C0000350,12,12,2025-10,2026-09,787,12,9770.95,9754.7,9218.02,10587.72,355.01,9401.79,0.0363,0.9637,0.9637,0,9834.07,9834.07,1.0065,-63.12,0.5833,-953.18,-5199.84,0.0884,0.0,1.0,1,0.0,0.0,9401.79,p10_thu_nhap_dinh_ky_duong,0.95,0.95,High,Cao,9770.95,355.01,2025-10:9218;2025-11:9809;2025-12:9823;2026-01:9738;2026-02:10079;2026-03:10160;2026-04:9571;2026-05:9392;2026-06:9615;2026-07:10588;2026-08:9771;2026-09:9487,8693.31,708.4800000000014,0.08149715125769143
C0000351,12,12,2025-10,2026-09,72,0,0.0,0.0,0.0,0.0,0.0,0.0,,0.0,0.0,12,110.0,110.0,,-110.0,0.0,-1038.43,-1038.43,,0.0,0.0,0,0.0,0.0,0.0,p10_thu_nhap_dinh_ky_duong,0.0,0.0,Low,Thấp,0.0,0.0,2025-10:0;2025-11:0;2025-12:0;2026-01:0;2026-02:0;2026-03:0;2026-04:0;2026-05:0;2026-06:0;2026-07:0;2026-08:0;2026-09:0,1504.15,1504.15,1.0
C0000352,2,2,2026-09,2026-10,53,1,3152.3,3152.3,0.0,6304.61,3152.3,6304.61,1.0,0.0,0.0,1,1528.08,1528.08,0.4848,1624.22,0.5,7542.67,3462.21,0.6126,0.0,0.0,1,0.0,0.0,6304.61,p10_thu_nhap_dinh_ky_duong,0.175,0.175,Low,Thấp,3152.3,3152.3,2026-09:6305;2026-10:0,5666.44,638.1700000000001,0.11262274020372581
C0000353,12,12,2025-10,2026-09,274,12,1263.59,1255.79,1159.37,1368.61,61.51,1171.42,0.0487,0.9513,0.9513,0,1270.47,1270.47,1.0054,12.02,0.4167,365.91,-259.72,0.3726,0.0,1.0,1,0.0147,0.0147,1171.42,p10_thu_nhap_dinh_ky_duong,0.943,0.943,High,Cao,1263.59,61.51,2025-10:1247;2025-11:1230;2025-12:1233;2026-01:1323;2026-02:1165;2026-03:1317;2026-04:1312;2026-05:1236;2026-06:1265;2026-07:1369;2026-08:1308;2026-09:1159,1118.74,52.680000000000064,0.047088689060907865
C0000354,12,12,2025-10,2026-09,830,12,4239.91,4188.47,3949.6,4579.73,190.12,4065.53,0.0448,0.9552,0.9552,0,4323.95,4323.95,1.0198,302.26,0.75,215.31,-1949.97,0.1185,0.0,1.0,1,0.0835,0.0835,4065.53,p10_thu_nhap_dinh_ky_duong,0.9103,0.9103,High,Cao,4239.91,190.12,2025-10:4068;2025-11:4399;2025-12:4530;2026-01:4085;2026-02:4323;2026-03:4580;2026-04:4165;2026-05:4212;2026-06:4367;2026-07:4065;2026-08:4135;2026-09:3950,3782.68,282.85000000000036,0.07477502722937186
C0000355,12,12,2025-10,2026-09,374,12,2223.15,2249.55,2032.01,2348.14,101.07,2081.54,0.0455,0.9545,0.9545,0,2260.2,2260.2,1.0167,-37.05,0.3333,758.5,-259.95,0.154,0.0,1.0,1,0.0,0.0,2081.54,p10_thu_nhap_dinh_ky_duong,0.95,0.95,High,Cao,2223.15,101.07,2025-10:2300;2025-11:2261;2025-12:2132;2026-01:2265;2026-02:2032;2026-03:2238;2026-04:2348;2026-05:2322;2026-06:2344;2026-07:2221;2026-08:2076;2026-09:2140,1932.03,149.51,0.0773849267350921
C0000356,12,12,2025-10,2026-09,917,12,12087.29,12004.3,10946.09,13505.23,583.23,11569.65,0.0483,0.9517,0.9517,0,12453.78,12453.78,1.0303,-366.49,0.5,69845.71,64060.41,0.1109,0.0,1.0,1,0.0,0.0,11569.65,p10_thu_nhap_dinh_ky_duong,0.95,0.95,High,Cao,12087.29,583.23,2025-10:11537;2025-11:10946;2025-12:11978;2026-01:12031;2026-02:11874;2026-03:13505;2026-04:12275;2026-05:11861;2026-06:11897;2026-07:12300;2026-08:12335;2026-09:12507,18521.65,6952.000000000002,0.3753445292401056
C0000357,12,12,2025-10,2026-09,289,12,1037.88,1043.68,959.14,1127.49,57.21,968.25,0.0551,0.9449,0.9449,0,1082.25,1082.25,1.0428,-43.02,0.5,144.03,-259.9,0.4046,0.0,1.0,1,0.0013,0.0013,968.25,p10_thu_nhap_dinh_ky_duong,0.9494,0.9494,High,Cao,1037.88,57.21,2025-10:973;2025-11:959;2025-12:1069;2026-01:1046;2026-02:1041;2026-03:1127;2026-04:990;2026-05:1081;2026-06:1111;2026-07:968;2026-08:1095;2026-09:993,941.49,26.75999999999999,0.0284230315776057
C0000358,12,12,2025-10,2026-09,1994,26,13575.16,12265.36,0.0,40139.57,12311.99,9210.65,0.9069,0.0931,0.0931,3,12541.02,12541.02,0.9238,1034.14,0.5,268963.12,246554.28,0.9005,0.0,1.0,1,0.0,0.0,9210.65,p10_thu_nhap_dinh_ky_duong,0.95,0.95,High,Trung bình,13575.16,12311.99,2025-10:10410;2025-11:12041;2025-12:16008;2026-01:20599;2026-02:33761;2026-03:0;2026-04:4412;2026-05:13042;2026-06:0;2026-07:40140;2026-08:0;2026-09:12490,8077.22,1133.4299999999994,0.14032426998397957
C0000359,12,12,2025-10,2026-09,583,12,4165.18,3966.32,3514.28,4839.67,477.63,3589.53,0.1147,0.8853,0.8853,0,4044.5,4044.5,0.971,423.28,0.6667,1865.27,-779.87,0.2029,0.0,1.0,1,0.0677,0.0677,3589.53,p10_thu_nhap_dinh_ky_duong,0.9178,0.9178,High,Cao,4165.18,477.63,2025-10:3692;2025-11:3514;2025-12:3939;2026-01:3809;2026-02:3958;2026-03:3975;2026-04:3578;2026-05:4692;2026-06:4693;2026-07:4729;2026-08:4840;2026-09:4563,4155.38,565.8499999999999,0.13617286505686602
C0000360,12,12,2025-10,2026-09,555,12,2649.76,2621.8,2520.02,3021.1,132.71,2537.27,0.0501,0.9499,0.9499,0,2729.95,2729.95,1.0303,124.48,0.6667,1098.52,-259.94,0.1562,0.0,1.0,1,0.0717,0.0717,2537.27,p10_thu_nhap_dinh_ky_duong,0.9159,0.9159,High,Cao,2649.76,132.71,2025-10:2520;2025-11:2535;2025-12:2604;2026-01:2699;2026-02:2639;2026-03:3021;2026-04:2555;2026-05:2673;2026-06:2560;2026-07:2668;2026-08:2559;2026-09:2763,722.23,1815.04,2.513105243481993
C0000361,12,12,2025-10,2026-09,367,12,1237.97,1218.4,1131.45,1350.95,73.33,1152.89,0.0592,0.9408,0.9408,0,1356.92,1356.92,1.0961,-118.96,0.3333,-1235.74,-1817.86,0.2124,0.0,1.0,1,0.0,0.0,1152.89,p10_thu_nhap_dinh_ky_duong,0.95,0.95,High,Cao,1237.97,73.33,2025-10:1186;2025-11:1131;2025-12:1258;2026-01:1297;2026-02:1151;2026-03:1337;2026-04:1204;2026-05:1205;2026-06:1168;2026-07:1351;2026-08:1232;2026-09:1334,1748.0,595.1099999999999,0.34045194508009147
C0000362,12,12,2025-10,2026-09,64,0,0.0,0.0,0.0,0.0,0.0,0.0,,0.0,0.0,12,98.0,98.0,,-98.0,0.0,-778.92,-778.92,,0.0,0.0,0,0.0,0.0,0.0,p10_thu_nhap_dinh_ky_duong,0.0,0.0,Low,Thấp,0.0,0.0,2025-10:0;2025-11:0;2025-12:0;2026-01:0;2026-02:0;2026-03:0;2026-04:0;2026-05:0;2026-06:0;2026-07:0;2026-08:0;2026-09:0,3712.38,3712.38,1.0
C0000363,12,12,2025-10,2026-09,235,12,798.68,788.9,775.8,852.55,23.81,778.14,0.0298,0.9702,0.9702,0,795.26,795.26,0.9957,3.42,0.5,59.63,-259.87,0.3895,0.0,1.0,1,0.0,0.0,778.14,p10_thu_nhap_dinh_ky_duong,0.95,0.95,High,Cao,798.68,23.81,2025-10:780;2025-11:785;2025-12:853;2026-01:791;2026-02:789;2026-03:832;2026-04:776;2026-05:778;2026-06:780;2026-07:822;2026-08:789;2026-09:811,711.73,66.40999999999997,0.09330785550700402
C0000364,12,12,2025-10,2026-09,387,12,1034.06,1039.04,946.53,1146.64,51.07,969.33,0.0494,0.9506,0.9506,0,1121.96,1121.96,1.085,-74.48,0.4167,115.93,-259.91,0.2097,0.0,1.0,1,0.0128,0.0128,969.33,p10_thu_nhap_dinh_ky_duong,0.9439,0.9439,High,Cao,1034.06,51.07,2025-10:993;2025-11:1038;2025-12:1044;2026-01:1051;2026-02:1047;2026-03:1147;2026-04:947;2026-05:1040;2026-06:1013;2026-07:1029;2026-08:1095;2026-09:967,923.67,45.66000000000008,0.049433239143850165
C0000365,12,12,2025-10,2026-09,1628,47,17794.01,17783.98,4504.53,29194.41,8561.36,6530.99,0.4811,0.5189,0.5189,0,14683.89,14683.89,0.8252,3110.11,0.5833,55919.03,21789.66,0.4994,0.0,1.0,1,0.0,0.0,6530.99,p10_thu_nhap_dinh_ky_duong,0.95,0.95,High,Trung bình,17794.01,8561.36,2025-10:17572;2025-11:6261;2025-12:28793;2026-01:26762;2026-02:22263;2026-03:29194;2026-04:8961;2026-05:26506;2026-06:17996;2026-07:4505;2026-08:14011;2026-09:10704,7022.98,491.9899999999998,0.07005430743074874
C0000366,12,12,2025-10,2026-09,991,12,6249.72,6191.38,5819.26,6706.67,248.05,6027.52,0.0397,0.9603,0.9603,0,6308.76,6308.76,1.0094,769.56,0.8333,160.94,-3249.99,0.1204,0.0,1.0,1,0.1171,0.1171,6027.52,p10_thu_nhap_dinh_ky_duong,0.8944,0.8944,High,Cao,6249.72,248.05,2025-10:6126;2025-11:6059;2025-12:6304;2026-01:6457;2026-02:6482;2026-03:6707;2026-04:6568;2026-05:6067;2026-06:6024;2026-07:6198;2026-08:6185;2026-09:5819,5491.1,536.4200000000001,0.09768898763453589
C0000367,12,12,2025-10,2026-09,895,12,6852.02,6844.82,6564.01,7398.23,208.29,6580.87,0.0304,0.9696,0.9696,0,6882.55,6882.55,1.0045,-30.53,0.5,765.16,-1949.91,0.1108,0.0,1.0,1,0.0,0.0,6580.87,p10_thu_nhap_dinh_ky_duong,0.95,0.95,High,Cao,6852.02,208.29,2025-10:6731;2025-11:6564;2025-12:6752;2026-01:6808;2026-02:6899;2026-03:6964;2026-04:6564;2026-05:6832;2026-06:6858;2026-07:7398;2026-08:6888;2026-09:6967,6004.71,576.1599999999999,0.09595134486095079
C0000368,12,12,2025-10,2026-09,716,12,6950.74,6972.24,6619.45,7424.37,249.1,6672.68,0.0358,0.9642,0.9642,0,7146.75,7146.75,1.0282,402.01,0.8333,1330.13,-1949.89,0.09,0.0,1.0,1,0.0792,0.0792,6672.68,p10_thu_nhap_dinh_ky_duong,0.9124,0.9124,High,Cao,6950.74,249.1,2025-10:7012;2025-11:6978;2025-12:6763;2026-01:6809;2026-02:6969;2026-03:7148;2026-04:7424;2026-05:6671;2026-06:7354;2026-07:6619;2026-08:6685;2026-09:6976,6118.56,554.1199999999999,0.09056379278784549
C0000369,12,12,2025-10,2026-09,432,12,1755.72,1753.46,1645.38,1864.0,67.78,1676.17,0.0386,0.9614,0.9614,0,1855.82,1855.82,1.057,-100.1,0.4167,452.67,-260.0,0.3155,0.0,1.0,1,0.0,0.0,1676.17,p10_thu_nhap_dinh_ky_duong,0.95,0.95,High,Cao,1755.72,67.78,2025-10:1711;2025-11:1676;2025-12:1645;2026-01:1864;2026-02:1761;2026-03:1828;2026-04:1734;2026-05:1746;2026-06:1828;2026-07:1680;2026-08:1834;2026-09:1763,1562.73,113.44000000000005,0.07259091461736836
C0000370,12,12,2025-10,2026-09,1406,40,11315.69,10439.1,4519.09,22353.5,5360.85,5092.0,0.4738,0.5262,0.5262,0,10014.46,10014.46,0.885,1301.24,0.5833,3509.61,-1949.33,0.4527,0.0,1.0,1,0.0,0.0,5092.0,p10_thu_nhap_dinh_ky_duong,0.95,0.95,High,Trung bình,11315.69,5360.85,2025-10:18159;2025-11:12984;2025-12:5258;2026-01:12710;2026-02:4519;2026-03:5074;2026-04:10666;2026-05:9010;2026-06:7938;2026-07:16906;2026-08:10212;2026-09:22354,5797.68,705.6800000000003,0.12171765257827273
C0000371,8,8,2026-02,2026-09,501,8,4294.6,4287.26,3934.1,4820.64,266.33,3998.1,0.062,0.938,0.938,0,5226.15,5226.15,1.2169,-756.85,0.5,1931.89,-779.55,0.3963,0.0,1.0,1,0.0391,0.0391,3998.1,p10_thu_nhap_dinh_ky_duong,0.9314,0.9314,High,Cao,4294.6,266.33,2026-02:4116;2026-03:4821;2026-04:4272;2026-05:4367;2026-06:4026;2026-07:4303;2026-08:4519;2026-09:3934,3691.33,306.77,0.08310554732305157
C0000372,12,12,2025-10,2026-09,533,12,2118.14,2103.46,1911.01,2396.62,135.3,1974.64,0.0639,0.9361,0.9361,0,2159.44,2159.44,1.0195,113.97,0.5833,266.12,-779.99,0.1692,0.0,1.0,1,0.0683,0.0683,1974.64,p10_thu_nhap_dinh_ky_duong,0.9176,0.9176,High,Cao,2118.14,135.3,2025-10:2052;2025-11:1974;2025-12:2090;2026-01:1911;2026-02:2084;2026-03:2397;2026-04:2121;2026-05:2331;2026-06:2189;2026-07:2171;2026-08:2116;2026-09:1981,1845.33,129.31000000000017,0.07007418727273722
C0000373,12,12,2025-10,2026-09,433,12,2910.39,2890.5,2641.45,3263.93,186.27,2674.48,0.064,0.936,0.936,0,3039.03,3039.03,1.0442,-128.64,0.5833,988.21,-259.95,0.3823,0.0,1.0,1,0.0,0.0,2674.48,p10_thu_nhap_dinh_ky_duong,0.95,0.95,High,Cao,2910.39,186.27,2025-10:2689;2025-11:2878;2025-12:3264;2026-01:2926;2026-02:3113;2026-03:2641;2026-04:3004;2026-05:2673;2026-06:3140;2026-07:2898;2026-08:2883;2026-09:2816,2576.39,98.09000000000015,0.038072652044139337
C0000374,12,12,2025-10,2026-09,298,12,996.77,992.42,950.37,1058.65,35.56,956.64,0.0357,0.9643,0.9643,0,1027.22,1027.22,1.0305,-15.98,0.5,220.39,-259.98,0.4387,0.0,1.0,1,0.0143,0.0143,956.64,p10_thu_nhap_dinh_ky_duong,0.9432,0.9432,High,Cao,996.77,35.56,2025-10:1046;2025-11:956;2025-12:950;2026-01:959;2026-02:1004;2026-03:1059;2026-04:981;2026-05:1013;2026-06:974;2026-07:969;2026-08:1014;2026-09:1036,903.56,53.08000000000004,0.05874540705653199
C0000375,9,9,2026-01,2026-09,498,9,4058.91,4110.64,3711.49,4233.69,146.23,3876.4,0.036,0.964,0.964,0,4257.76,4257.76,1.049,-198.84,0.3333,953.76,-779.61,0.2772,0.0,1.0,1,0.0,0.0,3876.4,p10_thu_nhap_dinh_ky_duong,0.95,0.95,High,Cao,4058.91,146.23,2026-01:3711;2026-02:4113;2026-03:4134;2026-04:4234;2026-05:4111;2026-06:4072;2026-07:4082;2026-08:3918;2026-09:4155,3586.1,290.3000000000002,0.08095145143749483
C0000376,12,12,2025-10,2026-09,938,12,7086.69,7095.6,6357.5,7536.54,381.25,6659.44,0.0538,0.9462,0.9462,0,7060.68,7060.68,0.9963,979.81,0.9167,341.63,-3249.93,0.1031,0.0,1.0,1,0.1186,0.1186,6659.44,p10_thu_nhap_dinh_ky_duong,0.8937,0.8937,High,Cao,7086.69,381.25,2025-10:7164;2025-11:6358;2025-12:6933;2026-01:7537;2026-02:7440;2026-03:7028;2026-04:6654;2026-05:7485;2026-06:6712;2026-07:6811;2026-08:7391;2026-09:7531,6230.54,428.89999999999964,0.06883833503998042
C0000377,12,12,2025-10,2026-09,1656,43,16342.65,17759.5,2288.32,26990.17,6997.52,8339.08,0.4282,0.5718,0.5718,0,13844.86,13844.86,0.8472,2497.79,0.6667,19929.05,-1949.72,0.4267,0.0,1.0,1,0.0,0.0,8339.08,p10_thu_nhap_dinh_ky_duong,0.95,0.95,High,Trung bình,16342.65,6997.52,2025-10:10505;2025-11:25966;2025-12:26990;2026-01:10661;2026-02:22102;2026-03:8098;2026-04:17756;2026-05:2288;2026-06:17855;2026-07:17763;2026-08:16589;2026-09:19538,7629.94,709.1400000000003,0.09294175314615848
C0000378,12,12,2025-10,2026-09,616,12,4346.69,4300.33,4099.38,4631.11,177.04,4152.33,0.0407,0.9593,0.9593,0,4441.86,4441.86,1.0219,250.75,0.6667,1610.68,-779.89,0.1879,0.0,1.0,1,0.0737,0.0737,4152.33,p10_thu_nhap_dinh_ky_duong,0.915,0.915,High,Cao,4346.69,177.04,2025-10:4234;2025-11:4099;2025-12:4453;2026-01:4242;2026-02:4327;2026-03:4625;2026-04:4300;2026-05:4589;2026-06:4214;2026-07:4631;2026-08:4301;2026-09:4145,3842.37,309.96000000000004,0.08066896212493853
C0000379,12,12,2025-10,2026-09,827,12,3891.25,3888.71,3379.59,4540.46,382.1,3443.78,0.0982,0.9018,0.9018,0,3950.98,3950.98,1.0153,300.87,0.75,320.6,-1949.93,0.1141,0.0,1.0,1,0.0848,0.0848,3443.78,p10_thu_nhap_dinh_ky_duong,0.9097,0.9097,High,Cao,3891.25,382.1,2025-10:4294;2025-11:4402;2025-12:4079;2026-01:4540;2026-02:4118;2026-03:3652;2026-04:3909;2026-05:3495;2026-06:3380;2026-07:3519;2026-08:3438;2026-09:3868,3860.8,417.02,0.10801388313302941
C0000380,12,12,2025-10,2026-09,338,12,1914.24,1937.25,1643.77,2073.29,125.76,1718.64,0.0657,0.9343,0.9343,0,1976.43,1976.43,1.0325,-62.2,0.5,548.24,-259.93,0.2134,0.0,1.0,1,0.0,0.0,1718.64,p10_thu_nhap_dinh_ky_duong,0.95,0.95,High,Cao,1914.24,125.76,2025-10:2051;2025-11:1948;2025-12:1838;2026-01:1705;2026-02:1644;2026-03:1910;2026-04:2009;2026-05:1888;2026-06:1965;2026-07:1926;2026-08:2073;2026-09:2013,1827.42,108.77999999999997,0.059526545621696146
C0000381,12,12,2025-10,2026-09,1030,12,7622.74,7596.62,7223.62,8195.64,283.01,7249.42,0.0371,0.9629,0.9629,0,7731.29,7731.29,1.0142,879.35,0.9167,103.44,-3249.96,0.064,0.0,1.0,1,0.1147,0.1147,7249.42,p10_thu_nhap_dinh_ky_duong,0.8955,0.8955,High,Cao,7622.74,283.01,2025-10:7406;2025-11:7224;2025-12:8196;2026-01:7237;2026-02:7586;2026-03:7986;2026-04:7608;2026-05:7770;2026-06:7562;2026-07:7366;2026-08:7695;2026-09:7840,6789.48,459.9400000000005,0.06774303775841457
C0000382,12,12,2025-10,2026-09,566,12,2092.81,2104.26,1862.45,2275.8,109.65,1952.73,0.0524,0.9476,0.9476,0,2140.55,2140.55,1.0228,-47.75,0.5,547.05,-259.85,0.1726,0.0,1.0,1,0.0,0.0,1952.73,p10_thu_nhap_dinh_ky_duong,0.95,0.95,High,Cao,2092.81,109.65,2025-10:1862;2025-11:2156;2025-12:2096;2026-01:2136;2026-02:2043;2026-03:2276;2026-04:2161;2026-05:2096;2026-06:1946;2026-07:2219;2026-08:2010;2026-09:2112,2271.65,318.9200000000001,0.14039134549776597
C0000383,12,12,2025-10,2026-09,577,12,3927.77,3929.23,3735.34,4189.2,126.74,3781.06,0.0323,0.9677,0.9677,0,3969.96,3969.96,1.0107,152.68,0.5,967.98,-779.77,0.2098,0.0,1.0,1,0.0473,0.0473,3781.06,p10_thu_nhap_dinh_ky_duong,0.9275,0.9275,High,Cao,3927.77,126.74,2025-10:3794;2025-11:3985;2025-12:4113;2026-01:3976;2026-02:3939;2026-03:4189;2026-04:3735;2026-05:3891;2026-06:3854;2026-07:3957;2026-08:3920;2026-09:3780,3520.54,260.52,0.07400001136189334
C0000384,12,12,2025-10,2026-09,609,12,4554.05,4511.23,4344.3,4893.39,182.31,4362.54,0.04,0.96,0.96,0,4538.05,4538.05,0.9965,318.0,0.6667,2251.39,-779.95,0.165,0.0,1.0,1,0.0622,0.0622,4362.54,p10_thu_nhap_dinh_ky_duong,0.9205,0.9205,High,Cao,4554.05,182.31,2025-10:4344;2025-11:4618;2025-12:4893;2026-01:4752;2026-02:4372;2026-03:4702;2026-04:4465;2026-05:4557;2026-06:4395;2026-07:4362;2026-08:4409;2026-09:4779,4021.54,341.0,0.08479338760773236
C0000385,12,12,2025-10,2026-09,296,12,2034.74,2035.28,1836.62,2252.35,124.19,1886.12,0.061,0.939,0.939,0,2130.26,2130.26,1.0469,-95.52,0.3333,509.88,-259.87,0.2469,0.0,1.0,1,0.0,0.0,1886.12,p10_thu_nhap_dinh_ky_duong,0.95,0.95,High,Cao,2034.74,124.19,2025-10:1961;2025-11:1938;2025-12:2172;2026-01:2094;2026-02:1933;2026-03:2252;2026-04:1996;2026-05:2174;2026-06:2074;2026-07:1881;2026-08:2104;2026-09:1837,1850.13,35.98999999999978,0.01945268710847334
C0000386,12,12,2025-10,2026-09,319,12,896.1,892.65,854.8,967.75,30.01,859.33,0.0335,0.9665,0.9665,0,950.21,950.21,1.0604,-41.84,0.4167,182.82,-259.95,0.2788,0.0,1.0,1,0.0135,0.0135,859.33,p10_thu_nhap_dinh_ky_duong,0.9436,0.9436,High,Cao,896.1,30.01,2025-10:855;2025-11:893;2025-12:938;2026-01:908;2026-02:880;2026-03:968;2026-04:886;2026-05:893;2026-06:884;2026-07:857;2026-08:893;2026-09:899,781.88,77.45000000000005,0.0990561211439096
C0000387,12,12,2025-10,2026-09,749,12,7612.43,7523.78,6717.76,8428.67,456.05,7163.14,0.0599,0.9401,0.9401,0,7715.36,7715.36,1.0135,1774.62,1.0,-294.4,-5199.85,0.0946,0.0,1.0,1,0.1978,0.1978,7163.14,p10_thu_nhap_dinh_ky_duong,0.856,0.856,High,Cao,7612.43,456.05,2025-10:7142;2025-11:7637;2025-12:8297;2026-01:7929;2026-02:6718;2026-03:7355;2026-04:7450;2026-05:7468;2026-06:8429;2026-07:7579;2026-08:7432;2026-09:7914,6910.68,252.46000000000004,0.03653186082990386
C0000388,12,12,2025-10,2026-09,815,12,6679.53,6717.33,6243.35,6974.44,207.89,6442.23,0.0311,0.9689,0.9689,0,6734.2,6734.2,1.0082,1748.36,1.0,-2170.74,-6102.17,0.1159,0.0,1.0,1,0.2126,0.2126,6442.23,p10_thu_nhap_dinh_ky_duong,0.849,0.849,High,Trung bình,6679.53,207.89,2025-10:6544;2025-11:6616;2025-12:6713;2026-01:6843;2026-02:6722;2026-03:6974;2026-04:6839;2026-05:6504;2026-06:6924;2026-07:6243;2026-08:6435;2026-09:6796,5867.58,574.6499999999996,0.09793645761966596
C0000389,12,12,2025-09,2026-08,47,0,0.0,0.0,0.0,0.0,0.0,0.0,,0.0,0.0,12,72.5,72.5,,-72.5,0.0,-257.67,-257.67,,0.0,0.0,0,0.0,0.0,0.0,p10_thu_nhap_dinh_ky_duong,0.0,0.0,Low,Thấp,0.0,0.0,2025-09:0;2025-10:0;2025-11:0;2025-12:0;2026-01:0;2026-02:0;2026-03:0;2026-04:0;2026-05:0;2026-06:0;2026-07:0;2026-08:0,449.23,449.23,1.0
C0000390,12,12,2025-10,2026-09,1958,50,43171.47,38117.82,19426.11,76448.99,16912.61,24910.74,0.3918,0.6082,0.6082,0,22819.84,22819.84,0.5286,20351.63,0.9167,593406.5,103631.06,0.3982,0.0,1.0,1,0.0,0.0,24910.74,p10_thu_nhap_dinh_ky_duong,0.95,0.95,High,Trung bình,43171.47,16912.61,2025-10:24857;2025-11:39153;2025-12:76449;2026-01:34877;2026-02:54509;2026-03:49942;2026-04:56814;2026-05:37083;2026-06:66208;2026-07:19426;2026-08:33347;2026-09:25393,15309.24,9601.500000000002,0.6271702579618584
C0000391,12,12,2025-10,2026-09,495,12,2142.71,2137.02,2007.22,2383.97,95.49,2023.4,0.0446,0.9554,0.9554,0,2153.27,2153.27,1.0049,-10.56,0.5,80.95,-779.93,0.1371,0.0,1.0,1,0.0,0.0,2023.4,p10_thu_nhap_dinh_ky_duong,0.95,0.95,High,Cao,2142.71,95.49,2025-10:2126;2025-11:2090;2025-12:2007;2026-01:2211;2026-02:2082;2026-03:2384;2026-04:2017;2026-05:2207;2026-06:2148;2026-07:2156;2026-08:2117;2026-09:2168,1919.38,104.01999999999998,0.05419458366764266
C0000392,12,12,2025-10,2026-09,1569,17,18171.01,14742.08,12383.26,33561.29,6772.79,13760.36,0.3727,0.6273,0.6273,0,20088.13,20088.13,1.1055,714.79,0.5833,15546.1,-4549.65,0.2773,0.0,1.0,2,0.1265,0.1265,13760.36,p10_thu_nhap_dinh_ky_duong,0.8899,0.8899,High,Trung bình,18171.01,6772.79,2025-10:28465;2025-11:26571;2025-12:33561;2026-01:12383;2026-02:13752;2026-03:15628;2026-04:15554;2026-05:14703;2026-06:13836;2026-07:14781;2026-08:14608;2026-09:14209,13416.24,344.1200000000008,0.025649511338497286
C0000393,12,12,2025-10,2026-09,333,12,1344.71,1349.74,1205.57,1429.09,64.75,1256.25,0.0482,0.9518,0.9518,0,1373.65,1373.65,1.0215,-28.93,0.5,-265.3,-779.93,0.2426,0.0,1.0,1,0.0,0.0,1256.25,p10_thu_nhap_dinh_ky_duong,0.95,0.95,High,Cao,1344.71,64.75,2025-10:1250;2025-11:1317;2025-12:1394;2026-01:1311;2026-02:1351;2026-03:1410;2026-04:1417;2026-05:1429;2026-06:1349;2026-07:1206;2026-08:1331;2026-09:1374,2133.16,876.9099999999999,0.41108496315325616
C0000394,12,12,2025-10,2026-09,378,12,2419.44,2423.71,2126.76,2581.01,118.7,2292.41,0.0491,0.9509,0.9509,0,2483.71,2483.71,1.0266,-64.27,0.5,231.28,-779.95,0.2385,0.0,1.0,1,0.0,0.0,2292.41,p10_thu_nhap_dinh_ky_duong,0.95,0.95,High,Cao,2419.44,118.7,2025-10:2401;2025-11:2127;2025-12:2581;2026-01:2541;2026-02:2496;2026-03:2541;2026-04:2418;2026-05:2384;2026-06:2445;2026-07:2429;2026-08:2390;2026-09:2282,3108.11,815.7000000000003,0.2624424489480746
C0000395,12,12,2025-10,2026-09,576,12,3861.71,3861.48,3561.39,4226.04,200.37,3653.13,0.0519,0.9481,0.9481,0,3858.31,3858.31,0.9991,3.4,0.4167,814.66,-779.94,0.1965,0.0,1.0,1,0.0,0.0,3653.13,p10_thu_nhap_dinh_ky_duong,0.95,0.95,High,Cao,3861.71,200.37,2025-10:3964;2025-11:3663;2025-12:3936;2026-01:3561;2026-02:3737;2026-03:4212;2026-04:3735;2026-05:3851;2026-06:4226;2026-07:3652;2026-08:3872;2026-09:3932,3370.67,282.46000000000004,0.08379936333132583
C0000396,12,12,2025-10,2026-09,678,12,9254.09,9154.49,8855.87,9998.24,358.44,8927.96,0.0387,0.9613,0.9613,0,9251.98,9251.98,0.9998,2553.3,1.0,982.99,-5199.89,0.1035,0.0,1.0,1,0.2161,0.2161,8927.96,p10_thu_nhap_dinh_ky_duong,0.8473,0.8473,High,Trung bình,9254.09,358.44,2025-10:8925;2025-11:9889;2025-12:8957;2026-01:9164;2026-02:9262;2026-03:9998;2026-04:9592;2026-05:9066;2026-06:9021;2026-07:9175;2026-08:9145;2026-09:8856,6835.49,2092.4699999999993,0.3061185079635841
C0000397,12,12,2025-10,2026-09,606,12,6105.33,6074.9,5456.3,6705.54,331.49,5830.09,0.0543,0.9457,0.9457,0,6266.27,6266.27,1.0264,632.63,0.9167,169.08,-3249.88,0.0909,0.0,1.0,1,0.115,0.115,5830.09,p10_thu_nhap_dinh_ky_duong,0.8954,0.8954,High,Cao,6105.33,331.49,2025-10:5889;2025-11:5829;2025-12:6423;2026-01:6228;2026-02:6334;2026-03:6706;2026-04:5926;2026-05:6065;2026-06:5842;2026-07:6482;2026-08:5456;2026-09:6085,5420.87,409.22000000000025,0.07548972766364076
C0000398,12,12,2025-10,2026-09,594,12,4313.44,4308.14,4132.94,4501.17,129.8,4135.24,0.0301,0.9699,0.9699,0,4378.58,4378.58,1.0151,280.82,0.8333,1768.08,-779.63,0.1116,0.0,1.0,1,0.0742,0.0742,4135.24,p10_thu_nhap_dinh_ky_duong,0.9147,0.9147,High,Cao,4313.44,129.8,2025-10:4236;2025-11:4150;2025-12:4244;2026-01:4133;2026-02:4443;2026-03:4407;2026-04:4424;2026-05:4325;2026-06:4475;2026-07:4501;2026-08:4134;2026-09:4292,3817.35,317.8899999999999,0.08327504682567746
C0000399,12,12,2025-10,2026-09,952,12,5815.42,5819.89,5218.91,6465.59,323.92,5439.68,0.0557,0.9443,0.9443,0,5889.07,5889.07,1.0127,673.54,0.8333,-381.53,-3249.91,0.1347,0.0,1.0,1,0.1139,0.1139,5439.68,p10_thu_nhap_dinh_ky_duong,0.8959,0.8959,High,Cao,5815.42,323.92,2025-10:5755;2025-11:5949;2025-12:6215;2026-01:5669;2026-02:5918;2026-03:6466;2026-04:6016;2026-05:5595;2026-06:5885;2026-07:5422;2026-08:5676;2026-09:5219,5125.85,313.8299999999999,0.06122496756635483
C0000400,12,12,2025-10,2026-09,574,12,3302.49,3279.82,3096.75,3511.1,124.81,3151.06,0.0378,0.9622,0.9622,0,3270.7,3270.7,0.9904,263.21,0.75,1253.69,-779.97,0.1355,0.0,1.0,1,0.0655,0.0655,3151.06,p10_thu_nhap_dinh_ky_duong,0.9189,0.9189,High,Cao,3302.49,124.81,2025-10:3141;2025-11:3097;2025-12:3252;2026-01:3241;2026-02:3497;2026-03:3511;2026-04:3459;2026-05:3304;2026-06:3256;2026-07:3239;2026-08:3319;2026-09:3315,2869.7,281.3600000000001,0.0980450918214448
C0000401,12,12,2025-10,2026-09,794,12,6511.05,6521.44,5993.19,7145.72,309.02,6155.69,0.0475,0.9525,0.9525,0,6441.08,6441.08,0.9893,660.18,0.8333,1114.21,-1949.94,0.0757,0.0,1.0,1,0.0831,0.0831,6155.69,p10_thu_nhap_dinh_ky_duong,0.9105,0.9105,High,Cao,6511.05,309.02,2025-10:5993;2025-11:6568;2025-12:6937;2026-01:6399;2026-02:6475;2026-03:7146;2026-04:6173;2026-05:6154;2026-06:6458;2026-07:6600;2026-08:6647;2026-09:6583,5765.16,390.52999999999975,0.06773966377342515
C0000402,12,12,2025-10,2026-09,1448,12,12055.17,12058.87,10273.5,13137.22,702.24,11613.35,0.0583,0.9417,0.9417,0,12017.44,12017.44,0.9969,2702.29,1.0,-767.77,-6499.83,0.098,0.0,1.0,1,0.181,0.181,11613.35,p10_thu_nhap_dinh_ky_duong,0.864,0.864,High,Cao,12055.17,702.24,2025-10:12267;2025-11:11892;2025-12:13137;2026-01:11822;2026-02:11985;2026-03:12634;2026-04:11643;2026-05:10274;2026-06:12133;2026-07:12816;2026-08:12448;2026-09:11610,10718.62,894.7299999999996,0.08347436517014313
C0000403,12,12,2025-10,2026-09,631,12,4047.83,4053.32,3834.13,4389.94,135.45,3904.97,0.0335,0.9665,0.9665,0,4232.59,4232.59,1.0456,-41.72,0.4167,1010.49,-779.8,0.097,0.0,1.0,1,0.0341,0.0341,3904.97,p10_thu_nhap_dinh_ky_duong,0.9338,0.9338,High,Cao,4047.83,135.45,2025-10:3834;2025-11:3901;2025-12:3944;2026-01:3952;2026-02:4095;2026-03:4390;2026-04:4082;2026-05:4104;2026-06:4026;2026-07:4061;2026-08:4141;2026-09:4046,3541.09,363.87999999999965,0.10275931987043527
C0000404,12,12,2025-10,2026-09,710,12,2314.23,2273.74,2154.11,2538.12,99.75,2228.52,0.0431,0.9569,0.9569,0,2466.92,2466.92,1.066,441.01,1.0,-754.15,-2152.69,0.087,0.0,1.0,1,0.2042,0.2042,2228.52,p10_thu_nhap_dinh_ky_duong,0.853,0.853,High,Cao,2314.23,99.75,2025-10:2154;2025-11:2270;2025-12:2538;2026-01:2246;2026-02:2384;2026-03:2266;2026-04:2381;2026-05:2342;2026-06:2427;2026-07:2227;2026-08:2259;2026-09:2278,2070.0,158.51999999999998,0.07657971014492752
C0000405,12,12,2025-10,2026-09,909,12,4528.9,4468.97,4225.78,4894.1,200.88,4290.46,0.0444,0.9556,0.9556,0,4593.85,4593.85,1.0143,349.2,0.75,552.44,-1949.96,0.1237,0.0,1.0,1,0.0838,0.0838,4290.46,p10_thu_nhap_dinh_ky_duong,0.9102,0.9102,High,Cao,4528.9,200.88,2025-10:4365;2025-11:4752;2025-12:4387;2026-01:4894;2026-02:4717;2026-03:4560;2026-04:4469;2026-05:4282;2026-06:4761;2026-07:4466;2026-08:4469;2026-09:4226,4018.96,271.5,0.0675547902940064
C0000406,8,8,2026-02,2026-09,329,8,2620.55,2622.64,2383.76,2914.46,164.56,2397.99,0.0628,0.9372,0.9372,0,2877.31,2877.31,1.098,-256.76,0.25,957.64,-259.92,0.212,0.0,1.0,1,0.0,0.0,2397.99,p10_thu_nhap_dinh_ky_duong,0.95,0.95,High,Cao,2620.55,164.56,2026-02:2722;2026-03:2914;2026-04:2588;2026-05:2384;2026-06:2566;2026-07:2404;2026-08:2657;2026-09:2729,2336.43,61.559999999999945,0.026347889729202222
C0000407,12,12,2025-10,2026-09,262,3,822.52,0.0,0.0,3419.86,1425.88,3169.8,1.7336,0.0,0.0,9,1091.57,1091.57,1.3271,-213.62,0.1667,-316.18,-779.93,0.48,0.0,1.0,1,0.0631,0.0631,3169.8,p10_thu_nhap_dinh_ky_duong,0.23,0.23,Low,Thấp,822.52,1425.88,2025-10:3133;2025-11:3317;2025-12:3420;2026-01:0;2026-02:0;2026-03:0;2026-04:0;2026-05:0;2026-06:0;2026-07:0;2026-08:0;2026-09:0,2904.96,264.84000000000015,0.0911682088565764
C0000408,12,12,2025-10,2026-09,292,12,599.04,589.3,563.9,669.87,28.93,570.55,0.0483,0.9517,0.9517,0,662.6,662.6,1.1061,-54.99,0.5,13.3,-259.97,0.482,0.0,1.0,1,0.0141,0.0141,570.55,p10_thu_nhap_dinh_ky_duong,0.9433,0.9433,High,Cao,599.04,28.93,2025-10:585;2025-11:592;2025-12:639;2026-01:588;2026-02:582;2026-03:670;2026-04:569;2026-05:584;2026-06:614;2026-07:564;2026-08:610;2026-09:591,529.15,41.39999999999998,0.0782386846829821
C0000409,12,12,2025-10,2026-09,496,12,7249.32,7273.3,6568.33,8071.49,373.31,6800.4,0.0515,0.9485,0.9485,0,7465.3,7465.3,1.0298,-215.98,0.5,-4269.25,-6499.79,0.113,0.0,1.0,1,0.0,0.0,6800.4,p10_thu_nhap_dinh_ky_duong,0.95,0.95,High,Cao,7249.32,373.31,2025-10:7451;2025-11:7191;2025-12:7552;2026-01:7056;2026-02:7376;2026-03:8071;2026-04:6976;2026-05:7433;2026-06:7181;2026-07:7355;2026-08:6568;2026-09:6781,9897.63,3097.2299999999996,0.3129264278418167
C0000410,12,12,2025-10,2026-09,1019,12,6013.4,5922.1,5624.91,6474.72,259.21,5724.99,0.0431,0.9569,0.9569,0,6088.37,6088.37,1.0125,-74.97,0.4167,-963.63,-3249.93,0.1216,0.0,1.0,1,0.0,0.0,5724.99,p10_thu_nhap_dinh_ky_duong,0.95,0.95,High,Cao,6013.4,259.21,2025-10:5625;2025-11:5917;2025-12:6275;2026-01:5888;2026-02:6005;2026-03:6469;2026-04:6102;2026-05:5901;2026-06:6475;2026-07:5868;2026-08:5927;2026-09:5709,5372.7,352.28999999999996,0.06557038360600814
C0000411,12,12,2025-10,2026-09,449,7,2629.41,4267.0,0.0,4754.16,2226.54,4276.29,0.8468,0.1532,0.1532,5,2955.18,2955.18,1.1239,-121.9,0.4167,911.41,-779.67,0.3435,0.0,1.0,1,0.072,0.072,4276.29,p10_thu_nhap_dinh_ky_duong,0.5342,0.5342,Medium,Thấp,2629.41,2226.54,2025-10:4636;2025-11:4470;2025-12:4221;2026-01:4480;2026-02:4313;2026-03:4678;2026-04:4754;2026-05:0;2026-06:0;2026-07:0;2026-08:0;2026-09:0,4042.7,233.59000000000015,0.05778069112226981
C0000412,12,12,2025-10,2026-09,659,12,2801.63,2810.6,2481.46,3085.9,165.98,2589.82,0.0592,0.9408,0.9408,0,5081.61,5081.61,1.8138,-2279.98,0.3333,2440.37,-4490.47,0.852,0.0,1.0,1,0.0,0.0,2589.82,p10_thu_nhap_dinh_ky_duong,0.95,0.95,High,Cao,2801.63,165.98,2025-10:2809;2025-11:2746;2025-12:2887;2026-01:2812;2026-02:2650;2026-03:3019;2026-04:2771;2026-05:2926;2026-06:2583;2026-07:2481;2026-08:2849;2026-09:3086,4317.97,1728.15,0.4002227898757981
C0000413,6,6,2026-04,2026-09,325,6,2755.1,2746.8,2665.44,2892.76,75.57,2675.67,0.0274,0.9726,0.9726,0,3389.42,3389.42,1.2302,-634.32,0.3333,565.67,-779.64,0.4291,0.0,1.0,1,0.0,0.0,2675.67,p10_thu_nhap_dinh_ky_duong,0.95,0.95,High,Cao,2755.1,75.57,2026-04:2793;2026-05:2768;2026-06:2686;2026-07:2725;2026-08:2893;2026-09:2665,2431.54,244.1300000000001,0.10040139171060321
C0000414,12,12,2025-10,2026-09,845,12,6442.05,6328.02,6152.0,7051.94,299.38,6160.68,0.0465,0.9535,0.9535,0,6657.73,6657.73,1.0335,432.45,0.5833,1714.76,-1950.0,0.2047,0.0,1.0,1,0.0914,0.0914,6160.68,p10_thu_nhap_dinh_ky_duong,0.9066,0.9066,High,Cao,6442.05,299.38,2025-10:6303;2025-11:6253;2025-12:7006;2026-01:6353;2026-02:6542;2026-03:6552;2026-04:6152;2026-05:6159;2026-06:6207;2026-07:6547;2026-08:7052;2026-09:6178,5654.28,506.40000000000055,0.08956047454317802
C0000415,12,12,2025-10,2026-09,859,12,3366.19,3389.0,3172.62,3662.26,138.84,3188.72,0.0412,0.9588,0.9588,0,3429.54,3429.54,1.0188,202.58,0.5833,-100.0,-1949.99,0.0976,0.0,1.0,1,0.0732,0.0732,3188.72,p10_thu_nhap_dinh_ky_duong,0.9152,0.9152,High,Cao,3366.19,138.84,2025-10:3415;2025-11:3248;2025-12:3173;2026-01:3434;2026-02:3411;2026-03:3662;2026-04:3199;2026-05:3367;2026-06:3490;2026-07:3455;2026-08:3354;2026-09:3188,2974.42,214.29999999999973,0.07204765971180926
C0000416,12,12,2025-10,2026-09,1564,36,10534.51,9832.78,3732.06,18263.31,4825.08,4017.94,0.458,0.542,0.542,0,9976.6,9976.6,0.947,557.91,0.4167,48057.34,38340.65,0.4807,0.0,1.0,1,0.0,0.0,4017.94,p10_thu_nhap_dinh_ky_duong,0.95,0.95,High,Trung bình,10534.51,4825.08,2025-10:5494;2025-11:11497;2025-12:18263;2026-01:8783;2026-02:3732;2026-03:13292;2026-04:7857;2026-05:3854;2026-06:16788;2026-07:9526;2026-08:17189;2026-09:10139,5137.64,1119.7000000000003,0.21794053300737307
C0000417,12,12,2025-10,2026-09,478,12,1422.37,1425.56,1335.96,1485.27,40.87,1387.93,0.0287,0.9713,0.9713,0,1504.58,1504.58,1.0578,-82.21,0.5,344.08,-259.85,0.3146,0.0,1.0,1,0.0,0.0,1387.93,p10_thu_nhap_dinh_ky_duong,0.95,0.95,High,Cao,1422.37,40.87,2025-10:1388;2025-11:1389;2025-12:1458;2026-01:1336;2026-02:1390;2026-03:1451;2026-04:1472;2026-05:1408;2026-06:1485;2026-07:1440;2026-08:1434;2026-09:1417,1260.2,127.73000000000002,0.10135692747182988
C0000418,12,12,2025-10,2026-09,907,12,2898.68,2910.71,2691.99,3057.42,102.3,2768.36,0.0353,0.9647,0.9647,0,2932.53,2932.53,1.0117,377.29,0.8333,-1188.66,-2783.4,0.1693,0.0,1.0,1,0.1242,0.1242,2768.36,p10_thu_nhap_dinh_ky_duong,0.891,0.891,High,Cao,2898.68,102.3,2025-10:2692;2025-11:2840;2025-12:2951;2026-01:2915;2026-02:3006;2026-03:2906;2026-04:2922;2026-05:2877;2026-06:2761;2026-07:2833;2026-08:3057;2026-09:3023,2676.37,91.99000000000024,0.034371181861999736
C0000419,12,12,2025-10,2026-09,641,12,5919.38,5965.1,5375.24,6366.7,320.7,5443.81,0.0542,0.9458,0.9458,0,6033.45,6033.45,1.0193,439.82,0.6667,791.17,-1949.99,0.1662,0.0,1.0,1,0.0856,0.0856,5443.81,p10_thu_nhap_dinh_ky_duong,0.9094,0.9094,High,Cao,5919.38,320.7,2025-10:5529;2025-11:5434;2025-12:6367;2026-01:5834;2026-02:6221;2026-03:6233;2026-04:5971;2026-05:5774;2026-06:6219;2026-07:6116;2026-08:5375;2026-09:5960,5293.01,150.80000000000018,0.02849040527034715
C0000420,12,12,2025-10,2026-09,552,12,2812.21,2804.77,2663.57,3081.64,125.68,2667.64,0.0447,0.9553,0.9553,0,2875.35,2875.35,1.0225,135.82,0.75,917.0,-779.91,0.1819,0.0,1.0,1,0.0661,0.0661,2667.64,p10_thu_nhap_dinh_ky_duong,0.9186,0.9186,High,Cao,2812.21,125.68,2025-10:2878;2025-11:2728;2025-12:2930;2026-01:2777;2026-02:2919;2026-03:3082;2026-04:2664;2026-05:2666;2026-06:2833;2026-07:2703;2026-08:2679;2026-09:2888,2432.95,234.69000000000005,0.0964631414537907
C0000421,12,12,2025-10,2026-09,556,12,3348.45,3666.14,1822.07,3880.16,668.69,2083.17,0.1997,0.8003,0.8003,0,3499.05,3499.05,1.045,-150.59,0.5,515.43,-779.94,0.2109,0.0,1.0,1,0.0,0.0,2083.17,p10_thu_nhap_dinh_ky_duong,0.95,0.95,High,Cao,3348.45,668.69,2025-10:3369;2025-11:3732;2025-12:3558;2026-01:3665;2026-02:3456;2026-03:3880;2026-04:3696;2026-05:3711;2026-06:3667;2026-07:3685;2026-08:1822;2026-09:1940,3224.45,1141.2799999999997,0.3539456341391555
C0000422,12,12,2025-10,2026-09,915,12,4852.11,4825.28,4320.8,5446.04,255.04,4644.7,0.0526,0.9474,0.9474,0,4958.84,4958.84,1.022,565.06,0.75,1542.91,-779.96,0.154,0.0,1.0,1,0.1216,0.1216,4644.7,p10_thu_nhap_dinh_ky_duong,0.8922,0.8922,High,Cao,4852.11,255.04,2025-10:4321;2025-11:4995;2025-12:4752;2026-01:4967;2026-02:4635;2026-03:4797;2026-04:4890;2026-05:5446;2026-06:4824;2026-07:5039;2026-08:4734;2026-09:4826,3135.81,1508.8899999999999,0.48118030110242643
C0000423,12,12,2025-10,2026-09,875,12,6899.98,6962.28,6417.81,7373.79,302.85,6452.99,0.0439,0.9561,0.9561,0,7009.82,7009.82,1.0159,763.13,0.8333,865.8,-3249.75,0.1802,0.0,1.0,1,0.1123,0.1123,6452.99,p10_thu_nhap_dinh_ky_duong,0.8967,0.8967,High,Cao,6899.98,302.85,2025-10:7095;2025-11:6452;2025-12:7374;2026-01:6418;2026-02:6956;2026-03:6900;2026-04:7165;2026-05:6978;2026-06:6788;2026-07:7242;2026-08:6969;2026-09:6463,6229.29,223.69999999999982,0.035910994671944925
C0000424,12,12,2025-10,2026-09,1954,17,7607.66,6781.23,0.0,18019.72,6188.51,4201.25,0.8135,0.1865,0.1865,3,11473.02,11473.02,1.5081,-3865.36,0.3333,48454.59,25305.7,0.8053,0.0,1.0,1,0.0,0.0,4201.25,p10_thu_nhap_dinh_ky_duong,0.95,0.95,High,Trung bình,7607.66,6188.51,2025-10:7346;2025-11:0;2025-12:17103;2026-01:4135;2026-02:10344;2026-03:6217;2026-04:0;2026-05:9080;2026-06:18020;2026-07:14830;2026-08:0;2026-09:4218,7171.89,2970.6400000000003,0.41420601821834974
C0000425,12,12,2025-10,2026-09,742,12,5493.7,5434.94,5020.54,6079.89,284.44,5270.64,0.0518,0.9482,0.9482,0,5551.32,5551.32,1.0105,613.32,1.0,683.28,-1949.99,0.0549,0.0,1.0,1,0.1088,0.1088,5270.64,p10_thu_nhap_dinh_ky_duong,0.8983,0.8983,High,Cao,5493.7,284.44,2025-10:5300;2025-11:5021;2025-12:5908;2026-01:5295;2026-02:5373;2026-03:6080;2026-04:5330;2026-05:5268;2026-06:5497;2026-07:5580;2026-08:5552;2026-09:5722,3676.36,1594.2800000000002,0.43365720440870864
C0000426,12,12,2025-10,2026-09,449,12,1770.1,1780.14,1638.14,1873.83,69.05,1649.87,0.039,0.961,0.961,0,1815.32,1815.32,1.0255,94.71,0.75,101.18,-1039.97,0.0984,0.0,1.0,1,0.0733,0.0733,1649.87,p10_thu_nhap_dinh_ky_duong,0.9152,0.9152,High,Cao,1770.1,69.05,2025-10:1640;2025-11:1638;2025-12:1818;2026-01:1791;2026-02:1759;2026-03:1874;2026-04:1840;2026-05:1824;2026-06:1788;2026-07:1772;2026-08:1736;2026-09:1761,1570.65,79.2199999999998,0.05043771686881215
C0000427,12,12,2025-10,2026-09,395,12,2263.37,2259.05,2143.39,2406.33,73.92,2161.64,0.0327,0.9673,0.9673,0,2279.16,2279.16,1.007,-15.79,0.3333,736.43,-259.83,0.1639,0.0,1.0,1,0.0,0.0,2161.64,p10_thu_nhap_dinh_ky_duong,0.95,0.95,High,Cao,2263.37,73.92,2025-10:2156;2025-11:2212;2025-12:2301;2026-01:2328;2026-02:2247;2026-03:2341;2026-04:2303;2026-05:2406;2026-06:2143;2026-07:2241;2026-08:2271;2026-09:2212,1996.67,164.9699999999998,0.08262256657334452
C0000428,12,12,2025-10,2026-09,493,12,2905.68,2890.82,2116.77,3785.66,720.41,2152.42,0.2479,0.7521,0.7521,0,3070.33,3070.33,1.0567,-164.64,0.3333,562.4,-779.97,0.1602,0.0,1.0,1,0.0,0.0,2152.42,p10_thu_nhap_dinh_ky_duong,0.95,0.95,High,Trung bình,2905.68,720.41,2025-10:3509;2025-11:3559;2025-12:3617;2026-01:3567;2026-02:3695;2026-03:3786;2026-04:2161;2026-05:2151;2026-06:2204;2026-07:2273;2026-08:2229;2026-09:2117,3207.25,1054.83,0.328889235326214
C0000429,12,12,2025-10,2026-09,303,12,533.03,535.15,493.25,571.91,25.69,494.63,0.0482,0.9518,0.9518,0,589.75,589.75,1.1064,-56.72,0.3333,-55.17,-259.95,0.2442,0.0,1.0,1,0.0,0.0,494.63,p10_thu_nhap_dinh_ky_duong,0.95,0.95,High,Cao,533.03,25.69,2025-10:493;2025-11:493;2025-12:549;2026-01:530;2026-02:519;2026-03:572;2026-04:567;2026-05:558;2026-06:541;2026-07:525;2026-08:543;2026-09:506,474.7,19.930000000000007,0.04198441120707817
C0000430,12,12,2025-10,2026-09,1256,37,6047.56,5032.04,0.0,12632.43,3974.87,2119.1,0.6573,0.3427,0.3427,1,6184.21,6184.21,1.0226,-136.65,0.5,1875.92,-1949.95,0.7559,0.0,1.0,1,0.0,0.0,2119.1,p10_thu_nhap_dinh_ky_duong,0.95,0.95,High,Trung bình,6047.56,3974.87,2025-10:9059;2025-11:11612;2025-12:3721;2026-01:8340;2026-02:9789;2026-03:0;2026-04:2119;2026-05:12632;2026-06:3218;2026-07:2015;2026-08:6297;2026-09:3767,3038.83,919.73,0.30265924714446024
C0000431,12,12,2025-10,2026-09,566,12,1902.66,1893.16,1762.86,2127.27,98.91,1789.54,0.052,0.948,0.948,0,1973.21,1973.21,1.0371,-70.54,0.3333,550.92,-259.89,0.1955,0.0,1.0,1,0.0,0.0,1789.54,p10_thu_nhap_dinh_ky_duong,0.95,0.95,High,Cao,1902.66,98.91,2025-10:1787;2025-11:1816;2025-12:1840;2026-01:1990;2026-02:1897;2026-03:2127;2026-04:1894;2026-05:1892;2026-06:1879;2026-07:1929;2026-08:1763;2026-09:2019,1394.65,394.8899999999999,0.28314630910981237
C0000432,12,12,2025-10,2026-09,1564,35,17882.86,16485.26,4633.4,32397.67,9331.41,5361.44,0.5218,0.4782,0.4782,0,18336.76,18336.76,1.0254,-453.9,0.5,2746.09,-4549.83,0.4302,0.0,1.0,1,0.0,0.0,5361.44,p10_thu_nhap_dinh_ky_duong,0.95,0.95,High,Trung bình,17882.86,9331.41,2025-10:18957;2025-11:29320;2025-12:17548;2026-01:15422;2026-02:10618;2026-03:4633;2026-04:32398;2026-05:4777;2026-06:32100;2026-07:13071;2026-08:23821;2026-09:11927,9742.77,4381.330000000001,0.44970064981519636
C0000433,12,12,2025-10,2026-09,836,12,6360.89,6349.08,5926.7,6774.04,229.85,6024.31,0.0361,0.9639,0.9639,0,6487.61,6487.61,1.0199,687.65,0.9167,1109.45,-1949.96,0.0497,0.0,1.0,1,0.1135,0.1135,6024.31,p10_thu_nhap_dinh_ky_duong,0.8961,0.8961,High,Cao,6360.89,229.85,2025-10:5927;2025-11:6267;2025-12:6461;2026-01:6573;2026-02:6604;2026-03:6774;2026-04:5997;2026-05:6279;2026-06:6448;2026-07:6318;2026-08:6303;2026-09:6380,4298.77,1725.54,0.40140319207587283
C0000434,12,12,2025-10,2026-09,603,12,2904.85,2912.12,2678.26,3173.32,124.13,2749.39,0.0427,0.9573,0.9573,0,2984.6,2984.6,1.0275,128.75,0.5833,636.76,-779.99,0.2481,0.0,1.0,1,0.067,0.067,2749.39,p10_thu_nhap_dinh_ky_duong,0.9182,0.9182,High,Cao,2904.85,124.13,2025-10:2816;2025-11:2678;2025-12:3173;2026-01:2853;2026-02:2931;2026-03:2893;2026-04:2955;2026-05:2994;2026-06:2866;2026-07:2742;2026-08:2999;2026-09:2956,2522.25,227.13999999999987,0.09005451481811869
C0000435,12,12,2025-10,2026-09,565,12,3079.09,3101.48,2745.44,3251.92,141.03,2946.06,0.0458,0.9542,0.9542,0,3142.68,3142.68,1.0207,168.73,0.6667,1096.87,-780.0,0.1224,0.0,1.0,1,0.0702,0.0702,2946.06,p10_thu_nhap_dinh_ky_duong,0.9167,0.9167,High,Cao,3079.09,141.03,2025-10:2745;2025-11:3252;2025-12:3082;2026-01:3232;2026-02:3101;2026-03:3189;2026-04:3102;2026-05:3156;2026-06:2962;2026-07:2985;2026-08:2944;2026-09:3198,2691.2,254.86000000000013,0.09470124851367426
C0000436,12,12,2025-10,2026-09,825,12,6383.2,6326.25,5952.06,7271.26,354.18,6059.69,0.0555,0.9445,0.9445,0,6476.27,6476.27,1.0146,459.48,0.6667,1116.28,-1949.97,0.1572,0.0,1.0,1,0.0797,0.0797,6059.69,p10_thu_nhap_dinh_ky_duong,0.9122,0.9122,High,Cao,6383.2,354.18,2025-10:6059;2025-11:6104;2025-12:6759;2026-01:6355;2026-02:6213;2026-03:7271;2026-04:6064;2026-05:5952;2026-06:6627;2026-07:6449;2026-08:6448;2026-09:6297,6306.04,246.35000000000036,0.039065721118166134
C0000437,12,12,2025-10,2026-09,494,12,2415.68,2387.01,2208.91,2608.59,110.79,2289.38,0.0459,0.9541,0.9541,0,2406.38,2406.38,0.9962,192.26,0.75,550.87,-1039.8,0.1093,0.0,1.0,1,0.0704,0.0704,2289.38,p10_thu_nhap_dinh_ky_duong,0.9166,0.9166,High,Cao,2415.68,110.79,2025-10:2329;2025-11:2285;2025-12:2209;2026-01:2392;2026-02:2517;2026-03:2543;2026-04:2375;2026-05:2493;2026-06:2485;2026-07:2382;2026-08:2369;2026-09:2609,2149.86,139.51999999999998,0.0648972491231987
C0000438,12,12,2025-10,2026-09,1221,12,8491.94,8415.54,8012.75,9426.16,370.81,8143.72,0.0437,0.9563,0.9563,0,8481.23,8481.23,0.9987,10.71,0.4167,-2015.33,-6499.88,0.1,0.0,1.0,1,0.0,0.0,8143.72,p10_thu_nhap_dinh_ky_duong,0.95,0.95,High,Cao,8491.94,370.81,2025-10:8204;2025-11:8298;2025-12:9426;2026-01:8543;2026-02:8401;2026-03:8690;2026-04:8430;2026-05:8444;2026-06:8137;2026-07:8350;2026-08:8013;2026-09:8966,7584.52,559.1999999999998,0.07372912194838958
C0000439,12,12,2025-10,2026-09,597,12,2857.55,2879.72,2701.74,3035.84,92.75,2770.28,0.0325,0.9675,0.9675,0,2966.67,2966.67,1.0382,-109.12,0.4167,907.43,-259.97,0.166,0.0,1.0,1,0.0,0.0,2770.28,p10_thu_nhap_dinh_ky_duong,0.95,0.95,High,Cao,2857.55,92.75,2025-10:2771;2025-11:2919;2025-12:2863;2026-01:2911;2026-02:2776;2026-03:3036;2026-04:2770;2026-05:2899;2026-06:2960;2026-07:2702;2026-08:2787;2026-09:2897,2254.4,515.8800000000001,0.2288325053229241
C0000440,12,12,2025-10,2026-09,565,12,2269.44,2302.31,2092.92,2428.92,127.53,2118.26,0.0562,0.9438,0.9438,0,2335.17,2335.17,1.029,-65.74,0.4167,269.34,-779.89,0.1378,0.0,1.0,1,0.0,0.0,2118.26,p10_thu_nhap_dinh_ky_duong,0.95,0.95,High,Cao,2269.44,127.53,2025-10:2118;2025-11:2177;2025-12:2130;2026-01:2331;2026-02:2429;2026-03:2423;2026-04:2273;2026-05:2372;2026-06:2403;2026-07:2119;2026-08:2364;2026-09:2093,2032.8,85.46000000000026,0.042040535222353535
C0000441,12,12,2025-10,2026-09,849,12,5901.99,5871.06,5691.89,6117.42,131.08,5752.68,0.0222,0.9778,0.9778,0,5925.23,5925.23,1.0039,801.83,0.9167,773.38,-1949.84,0.0989,0.0,1.0,1,0.1226,0.1226,5752.68,p10_thu_nhap_dinh_ky_duong,0.8917,0.8917,High,Cao,5901.99,131.08,2025-10:5748;2025-11:5830;2025-12:5692;2026-01:5966;2026-02:5987;2026-03:5856;2026-04:6024;2026-05:6117;2026-06:6102;2026-07:5824;2026-08:5886;2026-09:5791,4537.51,1215.17,0.26780547040116714
C0000442,12,12,2025-10,2026-09,1179,12,5223.27,5224.1,4765.47,5542.17,246.66,4858.27,0.0472,0.9528,0.9528,0,5306.41,5306.41,1.0159,1140.35,1.0,-815.73,-3249.99,0.0837,0.0,1.0,1,0.1898,0.1898,4858.27,p10_thu_nhap_dinh_ky_duong,0.8599,0.8599,High,Cao,5223.27,246.66,2025-10:5502;2025-11:4765;2025-12:5112;2026-01:5129;2026-02:5294;2026-03:5542;2026-04:5356;2026-05:5516;2026-06:4835;2026-07:5404;2026-08:5070;2026-09:5155,3676.52,1181.7500000000005,0.3214316799582215
C0000443,12,12,2025-10,2026-09,443,12,2803.34,2776.49,2691.36,2945.24,76.85,2728.56,0.0274,0.9726,0.9726,0,2710.94,2710.94,0.967,313.39,0.8333,706.3,-1039.77,0.1713,0.0,1.0,1,0.0731,0.0731,2728.56,p10_thu_nhap_dinh_ky_duong,0.9153,0.9153,High,Cao,2803.34,76.85,2025-10:2691;2025-11:2758;2025-12:2893;2026-01:2738;2026-02:2849;2026-03:2822;2026-04:2787;2026-05:2728;2026-06:2910;2026-07:2945;2026-08:2766;2026-09:2753,2456.78,271.77999999999975,0.1106244759400515
C0000444,12,12,2025-10,2026-09,719,12,6247.13,6357.04,5645.75,6606.6,273.02,5879.54,0.0437,0.9563,0.9563,0,6301.01,6301.01,1.0086,507.16,0.75,1917.5,-1949.69,0.131,0.0,1.0,1,0.0824,0.0824,5879.54,p10_thu_nhap_dinh_ky_duong,0.9109,0.9109,High,Cao,6247.13,273.02,2025-10:5857;2025-11:5646;2025-12:6372;2026-01:6462;2026-02:6392;2026-03:6342;2026-04:6453;2026-05:6079;2026-06:6182;2026-07:6607;2026-08:6490;2026-09:6084,5459.58,419.96000000000004,0.07692166796713301
C0000445,12,12,2025-10,2026-09,657,12,2236.41,2207.9,2095.88,2578.18,123.73,2108.45,0.0553,0.9447,0.9447,0,2313.05,2313.05,1.0343,-76.64,0.5,204.71,-779.96,0.1596,0.0,1.0,1,0.0,0.0,2108.45,p10_thu_nhap_dinh_ky_duong,0.95,0.95,High,Cao,2236.41,123.73,2025-10:2096;2025-11:2191;2025-12:2149;2026-01:2233;2026-02:2206;2026-03:2578;2026-04:2104;2026-05:2343;2026-06:2242;2026-07:2210;2026-08:2300;2026-09:2184,1984.42,124.02999999999975,0.06250188972092588
C0000446,12,12,2025-10,2026-09,341,12,980.77,721.01,673.53,2355.46,600.2,693.34,0.612,0.388,0.388,0,921.18,921.18,0.9392,98.16,0.5,312.41,-259.97,0.4117,0.0,1.0,1,0.0378,0.0378,693.34,p10_thu_nhap_dinh_ky_duong,0.932,0.932,High,Trung bình,980.77,600.2,2025-10:744;2025-11:693;2025-12:724;2026-01:700;2026-02:736;2026-03:726;2026-04:714;2026-05:718;2026-06:699;2026-07:674;2026-08:2355;2026-09:2288,624.39,68.95000000000005,0.11042777751085067
C0000447,12,12,2025-10,2026-09,1582,12,17615.31,17738.66,15703.66,18830.57,835.73,16504.25,0.0474,0.9526,0.9526,0,17759.57,17759.57,1.0082,3597.16,0.9167,4760.94,-6499.19,0.1239,0.0,1.0,1,0.1752,0.1752,16504.25,p10_thu_nhap_dinh_ky_duong,0.8668,0.8668,High,Cao,17615.31,835.73,2025-10:15704;2025-11:17868;2025-12:17948;2026-01:18763;2026-02:17763;2026-03:18831;2026-04:17985;2026-05:16422;2026-06:17682;2026-07:17248;2026-08:17456;2026-09:17715,15816.05,688.2000000000007,0.043512760771494824
C0000448,12,12,2025-10,2026-09,324,12,972.28,968.78,883.08,1096.73,56.94,898.88,0.0586,0.9414,0.9414,0,1045.54,1045.54,1.0753,-60.25,0.3333,332.19,-259.87,0.3254,0.0,1.0,1,0.0132,0.0132,898.88,p10_thu_nhap_dinh_ky_duong,0.9437,0.9437,High,Cao,972.28,56.94,2025-10:969;2025-11:895;2025-12:1034;2026-01:931;2026-02:968;2026-03:1097;2026-04:939;2026-05:952;2026-06:1010;2026-07:983;2026-08:1005;2026-09:883,851.92,46.960000000000036,0.055122546718001736
C0000449,12,12,2025-10,2026-09,915,12,5775.89,5784.66,5414.87,6074.31,182.78,5579.15,0.0316,0.9684,0.9684,0,5839.74,5839.74,1.0111,-63.85,0.4167,409.07,-1949.99,0.1582,0.0,1.0,1,0.0,0.0,5579.15,p10_thu_nhap_dinh_ky_duong,0.95,0.95,High,Cao,5775.89,182.78,2025-10:5415;2025-11:5765;2025-12:5914;2026-01:5793;2026-02:5777;2026-03:6074;2026-04:5576;2026-05:5645;2026-06:5826;2026-07:5609;2026-08:6020;2026-09:5897,5086.52,492.6299999999992,0.0968501057697599
C0000450,12,12,2025-10,2026-09,570,12,2584.47,2535.1,2451.04,2886.31,124.55,2455.81,0.0482,0.9518,0.9518,0,2681.89,2681.89,1.0377,109.05,0.6667,666.5,-779.99,0.1197,0.0,1.0,1,0.074,0.074,2455.81,p10_thu_nhap_dinh_ky_duong,0.9149,0.9149,High,Cao,2584.47,124.55,2025-10:2515;2025-11:2608;2025-12:2455;2026-01:2886;2026-02:2527;2026-03:2692;2026-04:2461;2026-05:2543;2026-06:2717;2026-07:2632;2026-08:2451;2026-09:2527,2263.69,192.1199999999999,0.08487027817413156
C0000451,12,12,2025-10,2026-09,794,12,5737.25,5762.88,5282.58,6335.21,271.89,5407.82,0.0474,0.9526,0.9526,0,5798.33,5798.33,1.0106,409.45,0.75,1078.55,-1949.94,0.0971,0.0,1.0,1,0.0758,0.0758,5407.82,p10_thu_nhap_dinh_ky_duong,0.914,0.914,High,Cao,5737.25,271.89,2025-10:5283;2025-11:5965;2025-12:6335;2026-01:5922;2026-02:5397;2026-03:5855;2026-04:5548;2026-05:5706;2026-06:5694;2026-07:5502;2026-08:5820;2026-09:5820,5230.27,177.54999999999927,0.03394662225850659
C0000452,12,12,2025-10,2026-09,863,12,4284.41,4255.4,3986.79,4682.47,200.21,4061.33,0.0467,0.9533,0.9533,0,4381.02,4381.02,1.0225,259.74,0.5833,335.84,-1949.95,0.1652,0.0,1.0,1,0.0768,0.0768,4061.33,p10_thu_nhap_dinh_ky_duong,0.9135,0.9135,High,Cao,4284.41,200.21,2025-10:4058;2025-11:3987;2025-12:4589;2026-01:4271;2026-02:4092;2026-03:4682;2026-04:4210;2026-05:4327;2026-06:4253;2026-07:4208;2026-08:4479;2026-09:4258,3771.99,289.34000000000015,0.07670752043351127
C0000453,12,12,2025-09,2026-08,97,0,0.0,0.0,0.0,0.0,0.0,0.0,,0.0,0.0,12,154.5,154.5,,-154.5,0.0,-1947.8,-1947.8,,0.0,0.0,0,0.0,0.0,0.0,p10_thu_nhap_dinh_ky_duong,0.0,0.0,Low,Thấp,0.0,0.0,2025-09:0;2025-10:0;2025-11:0;2025-12:0;2026-01:0;2026-02:0;2026-03:0;2026-04:0;2026-05:0;2026-06:0;2026-07:0;2026-08:0,4421.24,4421.24,1.0
C0000454,7,7,2026-03,2026-09,875,12,5821.13,7362.16,0.0,10686.1,4398.0,4722.65,0.7555,0.2445,0.2445,2,7655.32,7655.32,1.3151,-1834.18,0.4286,6567.75,-1949.58,0.7335,0.0,1.0,1,0.0,0.0,4722.65,p10_thu_nhap_dinh_ky_duong,0.95,0.95,High,Trung bình,5821.13,4398.0,2026-03:2963;2026-04:9296;2026-05:10440;2026-06:10686;2026-07:7362;2026-08:0;2026-09:0,3645.22,1077.4299999999998,0.2955733810305002
C0000455,12,12,2025-10,2026-09,803,12,5441.84,5429.84,5042.83,5861.94,275.03,5098.7,0.0505,0.9495,0.9495,0,5427.4,5427.4,0.9973,1469.69,1.0,-1709.0,-5081.35,0.1036,0.0,1.0,1,0.211,0.211,5098.7,p10_thu_nhap_dinh_ky_duong,0.8498,0.8498,High,Trung bình,5441.84,275.03,2025-10:5043;2025-11:5727;2025-12:5230;2026-01:5536;2026-02:5636;2026-03:5853;2026-04:5171;2026-05:5862;2026-06:5509;2026-07:5294;2026-08:5091;2026-09:5351,4885.95,212.75,0.04354322086799906
C0000456,12,12,2025-10,2026-09,784,12,4596.53,4557.68,4431.27,4856.14,145.06,4456.02,0.0316,0.9684,0.9684,0,4646.01,4646.01,1.0108,600.32,0.9167,-1069.84,-3249.93,0.0757,0.0,1.0,1,0.1239,0.1239,4456.02,p10_thu_nhap_dinh_ky_duong,0.8912,0.8912,High,Cao,4596.53,145.06,2025-10:4468;2025-11:4695;2025-12:4856;2026-01:4666;2026-02:4699;2026-03:4832;2026-04:4455;2026-05:4464;2026-06:4506;2026-07:4431;2026-08:4475;2026-09:4609,3974.52,481.50000000000045,0.12114670450771425
C0000457,12,12,2025-10,2026-09,1717,12,8604.04,8568.98,7929.06,9977.28,520.18,8013.29,0.0605,0.9395,0.9395,0,8587.86,8587.86,0.9981,16.19,0.6667,1382.14,-3247.54,0.1285,0.0,1.0,1,0.0,0.0,8013.29,p10_thu_nhap_dinh_ky_duong,0.95,0.95,High,Cao,8604.04,520.18,2025-10:8251;2025-11:7989;2025-12:8555;2026-01:7929;2026-02:8494;2026-03:9977;2026-04:8626;2026-05:8877;2026-06:9002;2026-07:8583;2026-08:8733;2026-09:8233,6082.51,1930.7799999999997,0.3174314551065267
C0000458,12,12,2025-10,2026-09,568,12,2484.61,2502.56,2251.32,2621.84,111.78,2314.01,0.045,0.955,0.955,0,2619.91,2619.91,1.0545,47.52,0.5,839.2,-259.79,0.1958,0.0,1.0,1,0.0685,0.0685,2314.01,p10_thu_nhap_dinh_ky_duong,0.9174,0.9174,High,Cao,2484.61,111.78,2025-10:2519;2025-11:2610;2025-12:2251;2026-01:2583;2026-02:2474;2026-03:2622;2026-04:2489;2026-05:2584;2026-06:2301;2026-07:2431;2026-08:2516;2026-09:2435,846.6,1467.4100000000003,1.7332978974722422
C0000459,12,12,2025-10,2026-09,318,12,1150.66,1140.2,1071.53,1227.0,44.54,1101.79,0.0387,0.9613,0.9613,0,1189.14,1189.14,1.0334,-38.48,0.5,204.32,-259.96,0.3067,0.0,1.0,1,0.0,0.0,1101.79,p10_thu_nhap_dinh_ky_duong,0.95,0.95,High,Cao,1150.66,44.54,2025-10:1100;2025-11:1072;2025-12:1129;2026-01:1201;2026-02:1188;2026-03:1183;2026-04:1130;2026-05:1121;2026-06:1150;2026-07:1120;2026-08:1227;2026-09:1189,1023.57,78.21999999999991,0.07641880867942584
C0000460,12,12,2025-10,2026-09,800,12,6736.76,6693.44,6360.42,7266.01,268.67,6433.02,0.0399,0.9601,0.9601,0,6710.36,6710.36,0.9961,1717.75,1.0,-2151.48,-6499.64,0.0968,0.0,1.0,1,0.2007,0.2007,6433.02,p10_thu_nhap_dinh_ky_duong,0.8547,0.8547,High,Cao,6736.76,268.67,2025-10:6730;2025-11:6656;2025-12:7266;2026-01:6430;2026-02:6942;2026-03:7010;2026-04:6541;2026-05:6907;2026-06:6567;2026-07:6360;2026-08:6461;2026-09:6970,7412.84,979.8199999999997,0.13217876009734456
C0000461,12,12,2025-10,2026-09,1320,26,6553.9,6561.24,0.0,13970.16,4342.15,1704.5,0.6625,0.3375,0.3375,1,7184.75,7184.75,1.0963,-630.85,0.3333,6814.09,-1949.87,0.7213,0.0,1.0,1,0.0,0.0,1704.5,p10_thu_nhap_dinh_ky_duong,0.95,0.95,High,Trung bình,6553.9,4342.15,2025-10:7472;2025-11:5116;2025-12:7629;2026-01:6107;2026-02:13970;2026-03:0;2026-04:502;2026-05:1704;2026-06:9899;2026-07:5509;2026-08:13723;2026-09:7015,4451.07,2746.5699999999997,0.6170583702345728
C0000462,12,12,2025-10,2026-09,786,12,8100.74,8027.18,7676.73,8754.78,292.01,7764.77,0.036,0.964,0.964,0,8091.33,8091.33,0.9988,2094.76,1.0,-173.67,-5199.85,0.0916,0.0,1.0,1,0.2047,0.2047,7764.77,p10_thu_nhap_dinh_ky_duong,0.8528,0.8528,High,Cao,8100.74,292.01,2025-10:7745;2025-11:8246;2025-12:8755;2026-01:8524;2026-02:8208;2026-03:8047;2026-04:8007;2026-05:7677;2026-06:7952;2026-07:7945;2026-08:8137;2026-09:7967,7365.25,399.52000000000044,0.054243915685143126
C0000463,12,12,2025-10,2026-09,572,12,3240.29,3273.38,2764.93,3673.11,226.53,2961.62,0.0699,0.9301,0.9301,0,3274.51,3274.51,1.0106,193.96,0.5833,1249.87,-779.87,0.2705,0.0,1.0,1,0.0658,0.0658,2961.62,p10_thu_nhap_dinh_ky_duong,0.9188,0.9188,High,Cao,3240.29,226.53,2025-10:2949;2025-11:2765;2025-12:3457;2026-01:3179;2026-02:3270;2026-03:3207;2026-04:3673;2026-05:3300;2026-06:3385;2026-07:3348;2026-08:3276;2026-09:3074,2892.65,68.9699999999998,0.023843188771541596
C0000464,12,12,2025-10,2026-09,439,12,1800.05,1796.73,1673.6,1970.35,95.9,1686.53,0.0533,0.9467,0.9467,0,1861.37,1861.37,1.0341,-61.32,0.5,498.78,-259.98,0.2254,0.0,1.0,1,0.0,0.0,1686.53,p10_thu_nhap_dinh_ky_duong,0.95,0.95,High,Cao,1800.05,95.9,2025-10:1683;2025-11:1674;2025-12:1955;2026-01:1853;2026-02:1715;2026-03:1970;2026-04:1783;2026-05:1827;2026-06:1875;2026-07:1714;2026-08:1811;2026-09:1741,1600.01,86.51999999999998,0.05407466203336228
C0000465,12,12,2025-10,2026-09,801,12,6501.37,6499.56,6034.82,6832.09,237.68,6238.23,0.0366,0.9634,0.9634,0,6498.1,6498.1,0.9995,1762.06,0.9167,-1647.59,-5199.66,0.1458,0.0,1.0,1,0.2129,0.2129,6238.23,p10_thu_nhap_dinh_ky_duong,0.8489,0.8489,High,Trung bình,6501.37,237.68,2025-10:6225;2025-11:6651;2025-12:6355;2026-01:6354;2026-02:6813;2026-03:6035;2026-04:6582;2026-05:6417;2026-06:6585;2026-07:6832;2026-08:6386;2026-09:6781,5771.46,466.7699999999995,0.08087554968760063
C0000466,12,12,2025-10,2026-09,678,12,4316.68,4150.63,3841.88,5380.62,536.09,3844.85,0.1242,0.8758,0.8758,0,4340.44,4340.44,1.0055,466.87,0.75,108.47,-1949.99,0.1285,0.0,1.0,1,0.1021,0.1021,3844.85,p10_thu_nhap_dinh_ky_duong,0.9015,0.9015,High,Cao,4316.68,536.09,2025-10:3931;2025-11:3967;2025-12:4192;2026-01:4244;2026-02:4120;2026-03:3842;2026-04:3844;2026-05:4182;2026-06:3850;2026-07:5381;2026-08:5138;2026-09:5109,3606.15,238.69999999999982,0.06619247674112275
C0000467,12,12,2025-10,2026-09,475,12,2511.45,2504.9,2399.11,2657.91,84.58,2401.76,0.0337,0.9663,0.9663,0,2536.85,2536.85,1.0101,157.51,0.5833,529.11,-1039.74,0.1491,0.0,1.0,1,0.0679,0.0679,2401.76,p10_thu_nhap_dinh_ky_duong,0.9178,0.9178,High,Cao,2511.45,84.58,2025-10:2482;2025-11:2658;2025-12:2579;2026-01:2530;2026-02:2401;2026-03:2644;2026-04:2528;2026-05:2404;2026-06:2475;2026-07:2478;2026-08:2559;2026-09:2399,2244.25,157.51000000000022,0.07018380305224473
C0000468,12,12,2025-10,2026-09,448,12,1183.89,1193.46,1100.08,1243.65,47.59,1112.65,0.0402,0.9598,0.9598,0,1199.96,1199.96,1.0136,-16.07,0.4167,-552.59,-1039.91,0.1472,0.0,1.0,1,0.0,0.0,1112.65,p10_thu_nhap_dinh_ky_duong,0.95,0.95,High,Cao,1183.89,47.59,2025-10:1130;2025-11:1194;2025-12:1188;2026-01:1241;2026-02:1150;2026-03:1216;2026-04:1100;2026-05:1111;2026-06:1244;2026-07:1193;2026-08:1218;2026-09:1223,1047.49,65.16000000000008,0.06220584444720244
C0000469,12,12,2025-10,2026-09,567,12,2471.14,2460.94,2350.44,2703.86,106.21,2357.3,0.043,0.957,0.957,0,2603.63,2603.63,1.0536,-132.48,0.3333,719.4,-259.98,0.1052,0.0,1.0,1,0.0,0.0,2357.3,p10_thu_nhap_dinh_ky_duong,0.95,0.95,High,Cao,2471.14,106.21,2025-10:2380;2025-11:2467;2025-12:2477;2026-01:2455;2026-02:2589;2026-03:2704;2026-04:2610;2026-05:2417;2026-06:2350;2026-07:2355;2026-08:2471;2026-09:2379,1612.85,744.4500000000003,0.4615742319496545
C0000470,12,12,2025-10,2026-09,746,12,4317.29,4308.12,3983.5,4579.38,176.84,4117.33,0.041,0.959,0.959,0,4378.1,4378.1,1.0141,320.95,0.5833,234.15,-1949.97,0.1201,0.0,1.0,1,0.0812,0.0812,4117.33,p10_thu_nhap_dinh_ky_duong,0.9114,0.9114,High,Cao,4317.29,176.84,2025-10:4136;2025-11:3984;2025-12:4420;2026-01:4274;2026-02:4442;2026-03:4492;2026-04:4542;2026-05:4579;2026-06:4297;2026-07:4319;2026-08:4115;2026-09:4207,3892.31,225.01999999999998,0.05781142817504258
C0000471,12,12,2025-10,2026-09,448,12,1648.3,1644.96,1536.58,1749.0,50.3,1610.09,0.0305,0.9695,0.9695,0,1618.57,1618.57,0.982,157.66,0.6667,84.44,-1039.88,0.2252,0.0,1.0,1,0.072,0.072,1610.09,p10_thu_nhap_dinh_ky_duong,0.9158,0.9158,High,Cao,1648.3,50.3,2025-10:1609;2025-11:1625;2025-12:1693;2026-01:1664;2026-02:1622;2026-03:1749;2026-04:1537;2026-05:1665;2026-06:1655;2026-07:1635;2026-08:1693;2026-09:1634,1445.46,164.62999999999988,0.11389453876274672
C0000472,12,12,2025-10,2026-09,562,12,1891.98,1879.46,1744.8,2178.9,104.58,1805.19,0.0553,0.9447,0.9447,0,1922.45,1922.45,1.0161,-30.47,0.3333,-20.55,-779.96,0.209,0.0,1.0,1,0.0,0.0,1805.19,p10_thu_nhap_dinh_ky_duong,0.95,0.95,High,Cao,1891.98,104.58,2025-10:1806;2025-11:1867;2025-12:1923;2026-01:1745;2026-02:1805;2026-03:1967;2026-04:1883;2026-05:1908;2026-06:1876;2026-07:2179;2026-08:1917;2026-09:1829,3078.73,1273.54,0.4136575795863879
C0000473,12,12,2025-10,2026-09,861,12,3013.14,3101.5,2292.84,3416.99,323.33,2428.58,0.1073,0.8927,0.8927,0,3046.5,3046.5,1.0111,339.94,0.75,1095.18,-259.96,0.1526,0.0,1.0,1,0.1102,0.1102,2428.58,p10_thu_nhap_dinh_ky_duong,0.8976,0.8976,High,Cao,3013.14,323.33,2025-10:2293;2025-11:2361;2025-12:3121;2026-01:3196;2026-02:3082;2026-03:3417;2026-04:3125;2026-05:3158;2026-06:3258;2026-07:3035;2026-08:3046;2026-09:3066,1164.46,1264.12,1.0855847345550727
C0000474,12,12,2025-10,2026-09,612,12,3412.32,3394.54,3137.49,3701.5,172.4,3156.02,0.0505,0.9495,0.9495,0,3359.87,3359.87,0.9846,278.71,0.6667,1134.94,-779.94,0.1846,0.0,1.0,1,0.0622,0.0622,3156.02,p10_thu_nhap_dinh_ky_duong,0.9205,0.9205,High,Cao,3412.32,172.4,2025-10:3137;2025-11:3352;2025-12:3409;2026-01:3702;2026-02:3418;2026-03:3560;2026-04:3139;2026-05:3565;2026-06:3326;2026-07:3313;2026-08:3380;2026-09:3648,3027.65,128.3699999999999,0.04239922051756309
C0000475,12,12,2025-10,2026-09,833,12,8211.6,8161.16,7723.33,8747.81,282.41,7895.02,0.0344,0.9656,0.9656,0,8287.25,8287.25,1.0092,1031.24,0.9167,1406.85,-3249.74,0.0786,0.0,1.0,1,0.1188,0.1188,7895.02,p10_thu_nhap_dinh_ky_duong,0.8936,0.8936,High,Cao,8211.6,282.41,2025-10:8149;2025-11:7723;2025-12:8114;2026-01:8748;2026-02:8174;2026-03:8270;2026-04:8644;2026-05:8046;2026-06:7878;2026-07:8451;2026-08:8286;2026-09:8056,7191.18,703.8400000000001,0.09787545298546277
C0000476,12,12,2025-10,2026-09,989,12,6827.52,6929.81,6431.81,7333.0,271.09,6444.74,0.0397,0.9603,0.9603,0,6850.05,6850.05,1.0033,-22.54,0.5,-81.47,-3249.94,0.1465,0.0,1.0,1,0.0,0.0,6444.74,p10_thu_nhap_dinh_ky_duong,0.95,0.95,High,Cao,6827.52,271.09,2025-10:6912;2025-11:6439;2025-12:6947;2026-01:6969;2026-02:7020;2026-03:7000;2026-04:6432;2026-05:7046;2026-06:6704;2026-07:7333;2026-08:6631;2026-09:6497,6437.92,6.819999999999709,0.001059348360961259
C0000477,12,12,2025-10,2026-09,618,12,3704.84,3672.58,3445.91,4109.78,213.42,3458.96,0.0576,0.9424,0.9424,0,3742.89,3742.89,1.0103,-38.05,0.4167,755.57,-779.78,0.1363,0.0,1.0,1,0.0,0.0,3458.96,p10_thu_nhap_dinh_ky_duong,0.95,0.95,High,Cao,3704.84,213.42,2025-10:3451;2025-11:3533;2025-12:3848;2026-01:3702;2026-02:3535;2026-03:4110;2026-04:3722;2026-05:3446;2026-06:4001;2026-07:3643;2026-08:3932;2026-09:3535,3267.96,191.0,0.05844624781209072
C0000478,12,12,2025-10,2026-09,533,12,2557.47,2541.43,2386.11,2828.55,123.32,2402.47,0.0482,0.9518,0.9518,0,2595.58,2595.58,1.0149,-38.11,0.4167,739.37,-259.97,0.1777,0.0,1.0,1,0.0,0.0,2402.47,p10_thu_nhap_dinh_ky_duong,0.95,0.95,High,Cao,2557.47,123.32,2025-10:2396;2025-11:2578;2025-12:2736;2026-01:2611;2026-02:2602;2026-03:2829;2026-04:2485;2026-05:2525;2026-06:2548;2026-07:2459;2026-08:2386;2026-09:2535,2089.68,312.78999999999996,0.149683205084032
C0000479,12,12,2025-10,2026-09,838,12,10335.97,10363.17,9836.59,11030.02,348.27,9885.01,0.0337,0.9663,0.9663,0,10330.36,10330.36,0.9995,5.61,0.5833,-2956.24,-6499.97,0.048,0.0,1.0,1,0.0,0.0,9885.01,p10_thu_nhap_dinh_ky_duong,0.95,0.95,High,Cao,10335.97,348.27,2025-10:10095;2025-11:10408;2025-12:9881;2026-01:10493;2026-02:10678;2026-03:10601;2026-04:11030;2026-05:10563;2026-06:9837;2026-07:10318;2026-08:10208;2026-09:9918,14051.63,4166.619999999999,0.2965221828357279
C0000480,12,12,2025-10,2026-09,579,12,2717.94,2709.58,2518.98,2863.65,107.99,2547.49,0.0397,0.9603,0.9603,0,2731.88,2731.88,1.0051,206.49,0.5,570.78,-779.85,0.2198,0.0,1.0,1,0.075,0.075,2547.49,p10_thu_nhap_dinh_ky_duong,0.9144,0.9144,High,Cao,2717.94,107.99,2025-10:2776;2025-11:2519;2025-12:2664;2026-01:2535;2026-02:2689;2026-03:2820;2026-04:2833;2026-05:2702;2026-06:2669;2026-07:2828;2026-08:2717;2026-09:2864,2418.82,128.66999999999962,0.05319535972085546
C0000481,12,12,2025-10,2026-09,792,12,7867.63,8200.99,6461.05,8995.39,846.86,6841.52,0.1076,0.8924,0.8924,0,7847.88,7847.88,0.9975,2120.88,1.0,-509.25,-6499.93,0.1019,0.0,1.0,1,0.2108,0.2108,6841.52,p10_thu_nhap_dinh_ky_duong,0.8499,0.8499,High,Trung bình,7867.63,846.86,2025-10:6461;2025-11:7013;2025-12:7195;2026-01:7162;2026-02:6822;2026-03:8726;2026-04:8947;2026-05:8379;2026-06:8308;2026-07:8241;2026-08:8161;2026-09:8995,12527.12,5685.6,0.4538632981882508
C0000482,12,12,2025-10,2026-09,884,12,6686.42,6689.4,6070.23,7038.23,300.41,6411.71,0.0449,0.9551,0.9551,0,6715.05,6715.05,1.0043,565.25,0.6667,1390.51,-1949.8,0.104,0.0,1.0,1,0.0816,0.0816,6411.71,p10_thu_nhap_dinh_ky_duong,0.9113,0.9113,High,Cao,6686.42,300.41,2025-10:7022;2025-11:6070;2025-12:7038;2026-01:6412;2026-02:6896;2026-03:6974;2026-04:6417;2026-05:7016;2026-06:6661;2026-07:6718;2026-08:6413;2026-09:6601,5875.8,535.9099999999999,0.09120630382245819
C0000483,12,12,2025-10,2026-09,306,12,1026.96,1038.1,937.3,1085.46,39.55,987.13,0.0385,0.9615,0.9615,0,1122.86,1122.86,1.0934,-95.89,0.4167,123.38,-259.93,0.2518,0.0,1.0,1,0.0,0.0,987.13,p10_thu_nhap_dinh_ky_duong,0.95,0.95,High,Cao,1026.96,39.55,2025-10:937;2025-11:1040;2025-12:1004;2026-01:1079;2026-02:986;2026-03:1085;2026-04:1015;2026-05:1057;2026-06:1036;2026-07:1042;2026-08:1001;2026-09:1040,912.91,74.22000000000003,0.08130045678106279
C0000484,12,12,2025-10,2026-09,547,12,2889.73,2847.98,2751.65,3129.63,109.62,2784.76,0.0379,0.9621,0.9621,0,2993.5,2993.5,1.0359,117.12,0.5,1384.42,-259.85,0.2334,0.0,1.0,1,0.071,0.071,2784.76,p10_thu_nhap_dinh_ky_duong,0.9163,0.9163,High,Cao,2889.73,109.62,2025-10:2868;2025-11:2782;2025-12:3050;2026-01:2948;2026-02:2985;2026-03:3130;2026-04:2850;2026-05:2752;2026-06:2846;2026-07:2821;2026-08:2813;2026-09:2832,1447.21,1337.5500000000002,0.9242266153495348
C0000485,12,12,2025-10,2026-09,346,12,1002.97,1005.56,927.19,1064.9,40.51,936.73,0.0404,0.9596,0.9596,0,1064.7,1064.7,1.0616,-61.74,0.3333,130.49,-259.58,0.2621,0.0,1.0,1,0.0,0.0,936.73,p10_thu_nhap_dinh_ky_duong,0.95,0.95,High,Cao,1002.97,40.51,2025-10:973;2025-11:999;2025-12:1025;2026-01:1033;2026-02:927;2026-03:1008;2026-04:1036;2026-05:1043;2026-06:991;2026-07:1003;2026-08:933;2026-09:1065,877.67,59.06000000000006,0.06729180671550818
C0000486,12,12,2025-10,2026-09,827,12,7673.04,7677.87,7197.62,8411.21,355.07,7217.56,0.0463,0.9537,0.9537,0,7850.5,7850.5,1.0231,1807.21,1.0,-790.47,-5199.98,0.1073,0.0,1.0,1,0.2055,0.2055,7217.56,p10_thu_nhap_dinh_ky_duong,0.8524,0.8524,High,Cao,7673.04,355.07,2025-10:7198;2025-11:7671;2025-12:8411;2026-01:7414;2026-02:8023;2026-03:7687;2026-04:8011;2026-05:7210;2026-06:7685;2026-07:7922;2026-08:7558;2026-09:7288,6851.89,365.6700000000001,0.05336775692546145
C0000487,12,12,2025-10,2026-09,827,12,5727.68,5758.16,5326.2,6020.17,206.12,5545.32,0.036,0.964,0.964,0,5847.7,5847.7,1.021,416.34,0.8333,854.27,-1949.85,0.0974,0.0,1.0,1,0.0856,0.0856,5545.32,p10_thu_nhap_dinh_ky_duong,0.9093,0.9093,High,Cao,5727.68,206.12,2025-10:5723;2025-11:5904;2025-12:5794;2026-01:5937;2026-02:5557;2026-03:5907;2026-04:5544;2026-05:6020;2026-06:5326;2026-07:5554;2026-08:5562;2026-09:5905,5150.51,394.8099999999995,0.07665454488972927
C0000488,12,12,2025-10,2026-09,745,12,2708.36,2703.22,2528.52,2904.13,112.07,2594.79,0.0414,0.9586,0.9586,0,2771.39,2771.39,1.0233,290.42,0.8333,-1153.99,-2487.66,0.1019,0.0,1.0,1,0.1154,0.1154,2594.79,p10_thu_nhap_dinh_ky_duong,0.8952,0.8952,High,Cao,2708.36,112.07,2025-10:2593;2025-11:2617;2025-12:2904;2026-01:2529;2026-02:2647;2026-03:2776;2026-04:2747;2026-05:2867;2026-06:2744;2026-07:2607;2026-08:2807;2026-09:2662,2392.0,202.78999999999996,0.08477842809364547
C0000489,12,12,2025-10,2026-09,498,12,2689.09,2669.96,2549.38,2908.28,97.0,2581.5,0.0361,0.9639,0.9639,0,2740.96,2740.96,1.0193,140.62,0.6667,648.3,-1039.35,0.1612,0.0,1.0,1,0.0668,0.0668,2581.5,p10_thu_nhap_dinh_ky_duong,0.9183,0.9183,High,Cao,2689.09,97.0,2025-10:2579;2025-11:2637;2025-12:2636;2026-01:2745;2026-02:2703;2026-03:2908;2026-04:2604;2026-05:2635;2026-06:2549;2026-07:2749;2026-08:2764;2026-09:2760,2348.57,232.92999999999984,0.09917950071745778
C0000490,12,12,2025-10,2026-09,568,12,4037.0,4019.41,3870.43,4231.2,129.32,3887.92,0.032,0.968,0.968,0,4144.14,4144.14,1.0265,124.77,0.5,1073.22,-779.82,0.1694,0.0,1.0,1,0.0543,0.0543,3887.92,p10_thu_nhap_dinh_ky_duong,0.9242,0.9242,High,Cao,4037.0,129.32,2025-10:3955;2025-11:4033;2025-12:4006;2026-01:4085;2026-02:4221;2026-03:4162;2026-04:3886;2026-05:3870;2026-06:4231;2026-07:3902;2026-08:4177;2026-09:3914,3617.39,270.5300000000002,0.07478596446609301
C0000491,12,12,2025-10,2026-09,524,12,3510.23,3515.72,3312.82,3840.14,123.26,3361.17,0.0351,0.9649,0.9649,0,3662.54,3662.54,1.0434,-152.32,0.4167,694.74,-779.92,0.154,0.0,1.0,1,0.0,0.0,3361.17,p10_thu_nhap_dinh_ky_duong,0.95,0.95,High,Cao,3510.23,123.26,2025-10:3504;2025-11:3530;2025-12:3840;2026-01:3563;2026-02:3350;2026-03:3458;2026-04:3537;2026-05:3313;2026-06:3527;2026-07:3505;2026-08:3527;2026-09:3469,3103.57,257.5999999999999,0.08300118895336657
C0000492,12,12,2025-10,2026-09,651,12,2932.72,2961.23,2758.37,3088.92,106.79,2764.27,0.0364,0.9636,0.9636,0,2992.61,2992.61,1.0204,-59.88,0.3333,-503.55,-1949.97,0.1,0.0,1.0,1,0.0,0.0,2764.27,p10_thu_nhap_dinh_ky_duong,0.95,0.95,High,Cao,2932.72,106.79,2025-10:2968;2025-11:2764;2025-12:3089;2026-01:2955;2026-02:2768;2026-03:3006;2026-04:2986;2026-05:3019;2026-06:2934;2026-07:2920;2026-08:3026;2026-09:2758,2601.39,162.8800000000001,0.06261268014407687
C0000493,12,12,2025-10,2026-09,1439,12,25050.18,24901.46,22480.15,28016.19,1616.98,23299.03,0.0645,0.9355,0.9355,0,25004.54,25004.54,0.9982,5060.95,1.0,5642.34,-6499.87,0.0821,0.0,1.0,1,0.1668,0.1668,23299.03,p10_thu_nhap_dinh_ky_duong,0.8708,0.8708,High,Cao,25050.18,1616.98,2025-10:24575;2025-11:22480;2025-12:25228;2026-01:25559;2026-02:25848;2026-03:28016;2026-04:26702;2026-05:24111;2026-06:23271;2026-07:27231;2026-08:23550;2026-09:24031,22529.17,769.8600000000006,0.03417169829159266
C0000494,12,12,2025-10,2026-09,897,12,5826.81,5831.78,5569.3,6089.92,162.73,5595.92,0.0279,0.9721,0.9721,0,5848.07,5848.07,1.0036,731.77,0.9167,-60.42,-3249.98,0.0954,0.0,1.0,1,0.1144,0.1144,5595.92,p10_thu_nhap_dinh_ky_duong,0.8956,0.8956,High,Cao,5826.81,162.73,2025-10:5654;2025-11:5590;2025-12:6015;2026-01:5855;2026-02:5781;2026-03:6051;2026-04:6090;2026-05:5809;2026-06:5769;2026-07:5879;2026-08:5569;2026-09:5862,5099.57,496.35000000000036,0.09733173581301961
C0000495,12,12,2025-10,2026-09,54,0,0.0,0.0,0.0,0.0,0.0,0.0,,0.0,0.0,12,83.0,83.0,,-83.0,0.0,-1032.3,-1032.3,,0.0,0.0,0,0.0,0.0,0.0,p10_thu_nhap_dinh_ky_duong,0.0,0.0,Low,Thấp,0.0,0.0,2025-10:0;2025-11:0;2025-12:0;2026-01:0;2026-02:0;2026-03:0;2026-04:0;2026-05:0;2026-06:0;2026-07:0;2026-08:0;2026-09:0,2058.69,2058.69,1.0
C0000496,12,12,2025-10,2026-09,265,12,429.06,427.58,381.31,483.18,26.54,405.3,0.0618,0.9382,0.9382,0,513.97,513.97,1.1979,-84.9,0.25,-110.56,-259.98,0.3408,0.0,1.0,1,0.0,0.0,405.3,p10_thu_nhap_dinh_ky_duong,0.95,0.95,High,Cao,429.06,26.54,2025-10:407;2025-11:381;2025-12:483;2026-01:422;2026-02:430;2026-03:470;2026-04:441;2026-05:432;2026-06:415;2026-07:436;2026-08:425;2026-09:405,375.8,29.5,0.07849920170303352
C0000497,12,12,2025-10,2026-09,491,12,3450.42,3449.22,3228.4,3697.44,112.95,3352.07,0.0327,0.9673,0.9673,0,3431.12,3431.12,0.9944,260.59,0.75,603.26,-1039.44,0.1833,0.0,1.0,1,0.0654,0.0654,3352.07,p10_thu_nhap_dinh_ky_duong,0.919,0.919,High,Cao,3450.42,112.95,2025-10:3413;2025-11:3228;2025-12:3697;2026-01:3361;2026-02:3492;2026-03:3392;2026-04:3512;2026-05:3351;2026-06:3418;2026-07:3527;2026-08:3480;2026-09:3532,3013.05,339.02,0.11251721677370105
C0000498,12,12,2025-10,2026-09,477,12,1599.58,1590.9,1484.62,1771.29,71.58,1536.76,0.0447,0.9553,0.9553,0,1637.91,1637.91,1.024,-38.33,0.25,-390.68,-1039.7,0.0734,0.0,1.0,1,0.0,0.0,1536.76,p10_thu_nhap_dinh_ky_duong,0.95,0.95,High,Cao,1599.58,71.58,2025-10:1558;2025-11:1550;2025-12:1771;2026-01:1550;2026-02:1606;2026-03:1657;2026-04:1576;2026-05:1628;2026-06:1634;2026-07:1485;2026-08:1535;2026-09:1645,1408.9,127.8599999999999,0.0907516502235786
C0000499,12,12,2025-10,2026-09,368,12,1406.13,1398.52,1306.38,1483.87,53.48,1359.39,0.038,0.962,0.962,0,1442.99,1442.99,1.0262,64.38,0.4167,-319.07,-1039.8,0.1489,0.0,1.0,1,0.0672,0.0672,1359.39,p10_thu_nhap_dinh_ky_duong,0.9181,0.9181,High,Cao,1406.13,53.48,2025-10:1363;2025-11:1459;2025-12:1465;2026-01:1390;2026-02:1379;2026-03:1480;2026-04:1359;2026-05:1306;2026-06:1367;2026-07:1416;2026-08:1484;2026-09:1407,1248.12,111.27000000000021,0.08915008172291143
C0000500,12,12,2025-10,2026-09,310,12,882.92,881.95,766.39,961.94,51.23,838.1,0.058,0.942,0.942,0,969.14,969.14,1.0976,-76.98,0.5833,101.63,-260.0,0.3277,0.0,1.0,1,0.0104,0.0104,838.1,p10_thu_nhap_dinh_ky_duong,0.9451,0.9451,High,Cao,882.92,51.23,2025-10:855;2025-11:867;2025-12:962;2026-01:911;2026-02:883;2026-03:948;2026-04:837;2026-05:906;2026-06:852;2026-07:881;2026-08:928;2026-09:766,799.6,38.5,0.04814907453726863
